Customer_ID,Customer_Name,Gender,Age,City,Total_Orders,Total_Sales,Total_Profit,Avg_Order_Value,Customer_Segment,,Segment,Customer_Count,Total_Sales
CUST0001,Rahul Sharma,Male,35,Mumbai,2,?911.76,?129.82,455.88,Medium Value,,High Value,822,"?2,295,669.79"
CUST0002,Priya Patel,Female,28,Pune,6,"?1,400.54",?234.39,233.4233333,High Value,,Medium Value,106,"?81,383.65"
CUST0476,Pooja Iyer,Male,39,Hyderabad,5,?920.27,?170.98,184.054,Medium Value,,Low Value,69,"?20,808.00"
CUST0701,Sneha Sharma,Female,41,Kolkata,5,"?1,742.01",?295.75,348.402,High Value,,,,
CUST0754,Riya Shah,Female,29,Ahmedabad,6,"?1,857.63",?311.50,309.605,High Value,,,,
CUST0240,Pooja Kapoor,Female,20,Lucknow,4,?658.65,?85.99,164.6625,Medium Value,,,,
CUST0041,Manish Reddy,Female,25,Bengaluru,3,?932.80,?170.91,310.9333333,Medium Value,,,,
CUST0593,Sahil Gupta,Male,61,Jaipur,3,?713.08,?97.04,237.6933333,Medium Value,,,,
CUST0530,Pooja Reddy,Male,31,Bengaluru,6,"?4,681.30",?819.06,780.2166667,High Value,,,,
CUST0499,Priya Shah,Female,61,Hyderabad,8,"?4,876.01",?991.32,609.50125,High Value,,,,
CUST0527,Vikram Sharma,Female,42,Lucknow,6,"?4,564.57",?669.13,760.7616667,High Value,,,,
CUST0425,Isha Patel,Female,33,Ahmedabad,5,"?3,408.83",?576.39,681.766,High Value,,,,
CUST0663,Priya Mehta,Female,64,Bengaluru,7,"?6,650.13","?1,122.21",950.0185714,High Value,,,,
CUST0645,Meera Shah,Male,38,Hyderabad,4,"?1,126.72",?120.61,281.68,High Value,,,,
CUST0622,Meera Mehta,Male,40,Chennai,11,"?4,866.98",?881.49,442.4527273,High Value,,,,
CUST0639,Manish Shah,Male,45,Pune,4,"?2,554.53",?332.51,638.6325,High Value,,,,
CUST0071,Anjali Joshi,Female,57,Jaipur,5,"?5,327.80",?934.60,1065.56,High Value,,,,
CUST0040,Vikram Das,Female,43,Chennai,8,"?4,682.86",?738.34,585.3575,High Value,,,,
CUST0919,Isha Shah,Female,62,Pune,6,"?3,927.61",?827.42,654.6016667,High Value,,,,
CUST0961,Neha Nair,Female,46,Bengaluru,7,"?1,978.36",?287.81,282.6228571,High Value,,,,
CUST0489,Pooja Khan,Male,32,Delhi,4,?481.35,?53.31,120.3375,Low Value,,,,
CUST0727,Meera Sharma,Male,38,Delhi,7,"?3,903.95",?550.98,557.7071429,High Value,,,,
CUST0419,Sahil Mehta,Male,49,Jaipur,9,"?3,030.26",?422.91,336.6955556,High Value,,,,
CUST0579,Kavya Mehta,Male,64,Jaipur,5,"?2,208.76",?309.05,441.752,High Value,,,,
CUST0803,Karan Reddy,Male,23,Kolkata,4,"?2,347.53",?346.31,586.8825,High Value,,,,
CUST0592,Arjun Malhotra,Female,41,Pune,6,"?3,839.11",?583.58,639.8516667,High Value,,,,
CUST0103,Rahul Singh,Female,31,Kolkata,11,"?7,172.86","?1,078.31",652.0781818,High Value,,,,
CUST0165,Rahul Das,Male,35,Mumbai,7,"?2,905.34",?319.52,415.0485714,High Value,,,,
CUST0091,Arjun Khan,Female,61,Jaipur,10,"?4,189.99",?591.52,418.999,High Value,,,,
CUST0629,Anjali Shah,Male,49,Hyderabad,5,"?4,340.67",?707.20,868.134,High Value,,,,
CUST0450,Sahil Gupta,Male,55,Ahmedabad,5,"?1,644.78",?216.02,328.956,High Value,,,,
CUST0523,Manish Reddy,Male,53,Kolkata,4,"?2,373.25",?252.64,593.3125,High Value,,,,
CUST1000,Rahul Malhotra,Male,55,Lucknow,4,"?1,839.09",?205.65,459.7725,High Value,,,,
CUST0601,Simran Verma,Male,54,Kolkata,3,"?2,977.86",?253.35,992.62,High Value,,,,
CUST0744,Nikhil Gupta,Male,42,Chennai,3,"?1,681.91",?182.69,560.6366667,High Value,,,,
CUST0953,Manish Das,Male,20,Delhi,7,"?3,894.66",?521.60,556.38,High Value,,,,
CUST0516,Karan Iyer,Female,33,Hyderabad,5,"?1,395.81",?221.03,279.162,High Value,,,,
CUST0257,Riya Iyer,Female,35,Mumbai,6,"?3,636.21",?628.55,606.035,High Value,,,,
CUST0694,Arjun Verma,Female,26,Hyderabad,7,"?3,238.72",?551.76,462.6742857,High Value,,,,
CUST0255,Isha Verma,Female,47,Chennai,4,?232.40,?38.91,58.1,Low Value,,,,
CUST0322,Pooja Kapoor,Female,55,Mumbai,4,?897.24,?110.31,224.31,Medium Value,,,,
CUST0511,Meera Kapoor,Male,33,Bengaluru,4,"?3,932.82",?572.35,983.205,High Value,,,,
CUST0857,Anjali Kapoor,Male,49,Chennai,6,"?4,112.01",?487.10,685.335,High Value,,,,
CUST0890,Neha Malhotra,Male,18,Delhi,8,"?5,172.75",?725.05,646.59375,High Value,,,,
CUST0132,Anjali Sharma,Female,42,Chennai,4,?893.24,?120.89,223.31,Medium Value,,,,
CUST0882,Vikram Khan,Female,36,Delhi,6,"?5,619.39",?898.11,936.565,High Value,,,,
CUST0013,Amit Sharma,Male,36,Pune,6,"?3,055.59",?449.54,509.265,High Value,,,,
CUST0562,Sahil Verma,Female,22,Hyderabad,5,"?3,321.80",?398.43,664.36,High Value,,,,
CUST0435,Arjun Das,Female,43,Chennai,6,"?5,038.15",?638.46,839.6916667,High Value,,,,
CUST0462,Pooja Patel,Female,43,Chennai,3,"?2,194.27",?376.91,731.4233333,High Value,,,,
CUST0569,Simran Shah,Female,45,Delhi,8,"?3,226.46",?580.92,403.3075,High Value,,,,
CUST0432,Sahil Khan,Male,21,Hyderabad,6,"?3,111.42",?453.88,518.57,High Value,,,,
CUST0308,Priya Mehta,Male,47,Pune,7,"?1,763.69",?268.72,251.9557143,High Value,,,,
CUST0860,Riya Kapoor,Male,26,Lucknow,5,"?2,188.21",?297.17,437.642,High Value,,,,
CUST0955,Pooja Joshi,Female,22,Chennai,8,"?5,402.15",?941.67,675.26875,High Value,,,,
CUST0204,Rohan Joshi,Female,50,Hyderabad,7,"?1,645.85",?290.89,235.1214286,High Value,,,,
CUST0500,Rahul Mehta,Female,18,Bengaluru,3,"?1,120.41",?122.57,373.47,High Value,,,,
CUST0656,Vikram Joshi,Female,38,Hyderabad,6,"?5,101.10",?912.15,850.1833333,High Value,,,,
CUST0166,Priya Shah,Female,62,Delhi,6,"?1,201.87",?209.53,200.3116667,High Value,,,,
CUST0278,Kavya Patel,Male,59,Jaipur,3,"?1,258.06",?234.11,419.3533333,High Value,,,,
CUST0189,Sahil Sharma,Male,48,Jaipur,9,"?4,738.72",?901.17,526.5244444,High Value,,,,
CUST0216,Neha Shah,Female,18,Delhi,7,"?3,615.56",?650.60,516.5085714,High Value,,,,
CUST0056,Aditya Reddy,Male,28,Kolkata,8,"?2,592.48",?459.71,324.06,High Value,,,,
CUST0087,Arjun Verma,Male,42,Mumbai,6,"?2,880.75",?444.69,480.125,High Value,,,,
CUST0540,Sneha Joshi,Female,34,Ahmedabad,4,"?2,764.80",?337.49,691.2,High Value,,,,
CUST0479,Anjali Das,Female,59,Hyderabad,6,"?4,203.45",?657.51,700.575,High Value,,,,
CUST0182,Rohan Reddy,Female,27,Pune,7,"?2,294.50",?300.63,327.7857143,High Value,,,,
CUST0318,Anjali Iyer,Male,59,Pune,4,"?3,214.23",?491.80,803.5575,High Value,,,,
CUST0267,Rohan Sharma,Female,33,Lucknow,2,?464.22,?89.52,232.11,Low Value,,,,
CUST0294,Sahil Nair,Female,22,Delhi,4,"?2,234.71",?404.03,558.6775,High Value,,,,
CUST0010,Simran Iyer,Female,20,Ahmedabad,6,"?3,617.91",?635.60,602.985,High Value,,,,
CUST0904,Meera Sharma,Male,59,Delhi,8,"?5,495.61",?929.56,686.95125,High Value,,,,
CUST0849,Arjun Das,Male,61,Chennai,6,"?1,909.93",?282.05,318.3216667,High Value,,,,
CUST0827,Sahil Shah,Female,40,Delhi,4,"?2,181.32",?351.04,545.33,High Value,,,,
CUST0874,Priya Iyer,Male,60,Pune,6,"?1,021.97",?163.90,170.3283333,High Value,,,,
CUST0279,Vikram Mehta,Female,32,Kolkata,8,"?5,269.98",?611.70,658.7475,High Value,,,,
CUST0191,Kavya Nair,Female,23,Ahmedabad,4,"?1,522.48",?244.01,380.62,High Value,,,,
CUST0155,Nikhil Gupta,Male,33,Kolkata,5,"?2,171.87",?374.77,434.374,High Value,,,,
CUST0475,Anjali Reddy,Female,20,Mumbai,9,"?2,628.86",?359.58,292.0955556,High Value,,,,
CUST0557,Anjali Patel,Female,45,Chennai,6,"?3,344.91",?522.12,557.485,High Value,,,,
CUST0998,Amit Malhotra,Female,26,Jaipur,8,"?3,085.15",?378.65,385.64375,High Value,,,,
CUST0472,Pooja Nair,Male,23,Lucknow,6,"?2,041.27",?339.73,340.2116667,High Value,,,,
CUST0763,Anjali Das,Female,32,Lucknow,3,?921.04,?130.77,307.0133333,Medium Value,,,,
CUST0997,Riya Shah,Male,29,Lucknow,7,"?1,278.35",?187.98,182.6214286,High Value,,,,
CUST0123,Manish Mehta,Male,31,Kolkata,6,"?2,522.08",?476.78,420.3466667,High Value,,,,
CUST0705,Neha Shah,Male,29,Bengaluru,7,"?4,527.75",?705.79,646.8214286,High Value,,,,
CUST0703,Sneha Khan,Male,44,Chennai,7,"?4,740.66",?627.71,677.2371429,High Value,,,,
CUST0719,Sahil Sharma,Female,60,Delhi,2,?684.86,?97.95,342.43,Medium Value,,,,
CUST0825,Neha Nair,Male,33,Chennai,6,"?3,680.03",?628.39,613.3383333,High Value,,,,
CUST0921,Kavya Patel,Female,57,Bengaluru,9,"?2,270.18",?326.00,252.2422222,High Value,,,,
CUST0195,Manish Patel,Female,34,Chennai,9,"?4,346.18",?791.85,482.9088889,High Value,,,,
CUST0937,Riya Iyer,Female,61,Jaipur,6,"?1,640.03",?286.82,273.3383333,High Value,,,,
CUST0376,Rohan Patel,Female,20,Hyderabad,7,"?1,789.95",?179.88,255.7071429,High Value,,,,
CUST0635,Sneha Singh,Male,35,Bengaluru,9,"?6,230.90",?830.77,692.3222222,High Value,,,,
CUST0657,Karan Shah,Male,54,Ahmedabad,4,"?1,122.24",?183.74,280.56,High Value,,,,
CUST0895,Kavya Nair,Male,25,Delhi,7,"?1,621.61",?208.96,231.6585714,High Value,,,,
CUST0674,Neha Verma,Male,55,Kolkata,12,"?6,850.78","?1,042.07",570.8983333,High Value,,,,
CUST0370,Amit Shah,Male,42,Ahmedabad,5,"?3,695.97",?592.71,739.194,High Value,,,,
CUST0042,Sneha Patel,Female,19,Lucknow,15,"?12,731.97","?1,828.79",848.798,High Value,,,,
CUST0743,Arjun Mehta,Male,44,Bengaluru,5,?914.34,?138.04,182.868,Medium Value,,,,
CUST0572,Amit Singh,Male,42,Delhi,8,"?6,225.03",?911.46,778.12875,High Value,,,,
CUST0905,Nikhil Malhotra,Female,49,Delhi,4,"?1,741.52",?211.51,435.38,High Value,,,,
CUST0547,Meera Reddy,Female,60,Ahmedabad,3,"?3,835.83",?664.09,1278.61,High Value,,,,
CUST0423,Vikram Khan,Male,38,Chennai,8,"?4,822.25",?861.00,602.78125,High Value,,,,
CUST0949,Pooja Joshi,Male,61,Pune,6,"?2,571.75",?506.16,428.625,High Value,,,,
CUST0292,Rahul Verma,Female,62,Hyderabad,5,"?1,933.88",?281.33,386.776,High Value,,,,
CUST0877,Vikram Das,Male,37,Kolkata,4,"?2,173.22",?398.92,543.305,High Value,,,,
CUST0585,Meera Iyer,Male,47,Pune,9,"?2,156.84",?263.89,239.6488889,High Value,,,,
CUST0940,Priya Gupta,Female,28,Hyderabad,11,"?6,919.76","?1,346.72",629.0690909,High Value,,,,
CUST0840,Arjun Singh,Female,30,Delhi,6,"?2,811.56",?473.81,468.5933333,High Value,,,,
CUST0357,Sneha Mehta,Male,41,Bengaluru,4,"?3,271.40",?615.19,817.85,High Value,,,,
CUST0951,Kavya Singh,Female,26,Delhi,5,"?2,573.90",?378.74,514.78,High Value,,,,
CUST0154,Karan Singh,Female,53,Mumbai,6,"?2,165.59",?481.27,360.9316667,High Value,,,,
CUST0517,Rohan Nair,Male,44,Hyderabad,11,"?6,861.99",?742.05,623.8172727,High Value,,,,
CUST0488,Anjali Mehta,Female,62,Pune,6,"?3,705.31",?580.23,617.5516667,High Value,,,,
CUST0793,Arjun Joshi,Female,34,Bengaluru,8,"?4,064.19",?697.49,508.02375,High Value,,,,
CUST0201,Meera Kapoor,Male,63,Delhi,3,"?1,886.02",?402.93,628.6733333,High Value,,,,
CUST0092,Karan Sharma,Male,34,Delhi,5,"?1,397.73",?253.02,279.546,High Value,,,,
CUST0672,Manish Khan,Male,58,Delhi,4,"?1,039.44",?157.11,259.86,High Value,,,,
CUST0150,Arjun Khan,Male,23,Hyderabad,5,"?1,514.55",?247.85,302.91,High Value,,,,
CUST0776,Sahil Nair,Male,28,Ahmedabad,6,"?2,086.91",?294.98,347.8183333,High Value,,,,
CUST0015,Manish Nair,Female,28,Chennai,9,"?2,552.33",?380.64,283.5922222,High Value,,,,
CUST0217,Kavya Malhotra,Male,22,Ahmedabad,2,"?1,030.32",?178.59,515.16,High Value,,,,
CUST0386,Pooja Joshi,Female,28,Ahmedabad,6,"?2,953.94",?433.86,492.3233333,High Value,,,,
CUST0679,Pooja Nair,Male,33,Ahmedabad,7,"?3,981.43",?686.77,568.7757143,High Value,,,,
CUST0513,Priya Gupta,Male,43,Ahmedabad,7,"?3,693.67",?529.66,527.6671429,High Value,,,,
CUST0514,Sneha Shah,Male,21,Delhi,6,"?2,159.12",?389.68,359.8533333,High Value,,,,
CUST0972,Amit Sharma,Male,34,Jaipur,5,"?2,336.03",?416.88,467.206,High Value,,,,
CUST0534,Pooja Singh,Female,50,Ahmedabad,6,"?4,397.70",?667.20,732.95,High Value,,,,
CUST0338,Aditya Nair,Female,26,Jaipur,8,"?2,349.59",?356.91,293.69875,High Value,,,,
CUST0884,Karan Gupta,Male,18,Pune,8,"?4,713.55",?630.50,589.19375,High Value,,,,
CUST0326,Nikhil Mehta,Female,55,Jaipur,7,"?1,856.34",?282.40,265.1914286,High Value,,,,
CUST0764,Anjali Mehta,Female,64,Hyderabad,3,?943.85,?112.70,314.6166667,Medium Value,,,,
CUST0632,Rohan Gupta,Female,53,Jaipur,5,"?3,755.22",?692.27,751.044,High Value,,,,
CUST0783,Anjali Sharma,Male,39,Bengaluru,6,"?2,773.28",?474.64,462.2133333,High Value,,,,
CUST0068,Manish Iyer,Male,22,Jaipur,8,"?4,879.02",?873.31,609.8775,High Value,,,,
CUST0438,Nikhil Joshi,Female,57,Lucknow,8,"?3,117.63",?466.86,389.70375,High Value,,,,
CUST0962,Meera Reddy,Male,20,Chennai,4,"?1,661.57",?309.79,415.3925,High Value,,,,
CUST0532,Vikram Mehta,Male,53,Chennai,6,"?3,758.56",?609.65,626.4266667,High Value,,,,
CUST0171,Rohan Verma,Female,23,Bengaluru,5,"?1,998.05",?322.68,399.61,High Value,,,,
CUST0850,Amit Gupta,Female,32,Hyderabad,5,"?3,194.55",?484.95,638.91,High Value,,,,
CUST0139,Sahil Gupta,Female,62,Hyderabad,5,"?1,457.34",?189.29,291.468,High Value,,,,
CUST0117,Manish Singh,Male,58,Hyderabad,7,"?3,462.12",?503.63,494.5885714,High Value,,,,
CUST0973,Amit Iyer,Male,34,Kolkata,5,"?2,462.89",?496.79,492.578,High Value,,,,
CUST0893,Anjali Patel,Female,43,Ahmedabad,5,"?2,054.10",?401.17,410.82,High Value,,,,
CUST0316,Vikram Reddy,Female,40,Delhi,10,"?3,355.52",?545.54,335.552,High Value,,,,
CUST0004,Amit Gupta,Male,50,Lucknow,7,"?4,836.74",?902.07,690.9628571,High Value,,,,
CUST0623,Manish Iyer,Male,61,Hyderabad,4,"?1,017.91",?190.22,254.4775,High Value,,,,
CUST0616,Meera Reddy,Male,46,Lucknow,7,"?2,244.86",?340.38,320.6942857,High Value,,,,
CUST0875,Rahul Sharma,Male,44,Ahmedabad,6,"?1,413.14",?181.34,235.5233333,High Value,,,,
CUST0787,Simran Sharma,Female,23,Hyderabad,6,"?2,124.70",?351.96,354.1166667,High Value,,,,
CUST0067,Pooja Joshi,Female,22,Mumbai,8,"?3,691.89",?593.68,461.48625,High Value,,,,
CUST0215,Rohan Shah,Female,24,Ahmedabad,8,"?4,609.03",?610.31,576.12875,High Value,,,,
CUST0957,Nikhil Verma,Female,52,Jaipur,6,"?1,971.75",?295.14,328.625,High Value,,,,
CUST0363,Nikhil Mehta,Male,36,Bengaluru,4,"?2,434.48",?466.40,608.62,High Value,,,,
CUST0239,Rohan Nair,Male,58,Mumbai,5,"?1,587.73",?244.14,317.546,High Value,,,,
CUST0819,Nikhil Malhotra,Female,21,Jaipur,9,"?3,709.08",?545.27,412.12,High Value,,,,
CUST0012,Pooja Malhotra,Female,54,Bengaluru,7,"?3,175.77",?485.06,453.6814286,High Value,,,,
CUST0332,Pooja Mehta,Female,39,Lucknow,7,"?1,937.32",?265.47,276.76,High Value,,,,
CUST0984,Amit Singh,Male,65,Chennai,6,"?2,713.56",?400.67,452.26,High Value,,,,
CUST0817,Kavya Iyer,Male,30,Ahmedabad,8,"?3,341.67",?470.52,417.70875,High Value,,,,
CUST0474,Anjali Reddy,Male,43,Ahmedabad,7,"?2,117.70",?380.07,302.5285714,High Value,,,,
CUST0993,Sahil Verma,Female,38,Kolkata,5,"?2,083.95",?378.17,416.79,High Value,,,,
CUST0863,Vikram Das,Female,18,Chennai,5,"?4,227.05",?531.97,845.41,High Value,,,,
CUST0936,Karan Das,Male,40,Jaipur,13,"?5,367.29",?736.97,412.8684615,High Value,,,,
CUST0349,Vikram Khan,Female,47,Hyderabad,6,"?1,330.87",?229.98,221.8116667,High Value,,,,
CUST0693,Anjali Joshi,Female,51,Jaipur,6,"?3,609.19",?482.40,601.5316667,High Value,,,,
CUST0005,Rahul Shah,Male,63,Jaipur,5,?724.79,?100.74,144.958,Medium Value,,,,
CUST0911,Neha Joshi,Male,24,Kolkata,8,"?1,839.31",?275.64,229.91375,High Value,,,,
CUST0329,Neha Kapoor,Female,63,Pune,5,"?2,282.20",?287.35,456.44,High Value,,,,
CUST0280,Karan Malhotra,Female,43,Kolkata,6,"?2,261.95",?450.46,376.9916667,High Value,,,,
CUST0105,Manish Nair,Male,50,Ahmedabad,6,"?3,480.68",?580.19,580.1133333,High Value,,,,
CUST0588,Kavya Malhotra,Male,37,Chennai,6,"?1,230.36",?160.40,205.06,High Value,,,,
CUST0052,Manish Verma,Female,29,Hyderabad,5,"?3,065.17",?418.10,613.034,High Value,,,,
CUST0437,Vikram Khan,Female,22,Kolkata,6,"?2,515.32",?454.80,419.22,High Value,,,,
CUST0081,Rohan Mehta,Male,20,Hyderabad,2,"?1,076.31",?153.66,538.155,High Value,,,,
CUST0482,Karan Patel,Female,60,Pune,6,"?2,505.84",?325.33,417.64,High Value,,,,
CUST0188,Sahil Iyer,Male,61,Hyderabad,5,"?2,434.72",?423.29,486.944,High Value,,,,
CUST0491,Simran Mehta,Female,52,Bengaluru,7,"?4,694.71",?589.04,670.6728571,High Value,,,,
CUST0106,Anjali Nair,Male,36,Jaipur,3,?343.36,?76.94,114.4533333,Low Value,,,,
CUST0411,Nikhil Reddy,Male,25,Jaipur,10,"?6,869.18","?1,061.59",686.918,High Value,,,,
CUST0807,Rohan Verma,Male,24,Lucknow,7,"?1,727.40",?368.36,246.7714286,High Value,,,,
CUST0181,Vikram Mehta,Male,52,Bengaluru,6,"?1,458.34",?229.89,243.0566667,High Value,,,,
CUST0336,Sahil Nair,Male,40,Hyderabad,3,?965.65,?152.39,321.8833333,Medium Value,,,,
CUST0064,Sahil Gupta,Male,57,Pune,2,?585.31,?108.63,292.655,Medium Value,,,,
CUST0416,Sahil Iyer,Male,28,Lucknow,7,"?1,308.38",?195.20,186.9114286,High Value,,,,
CUST0394,Sahil Verma,Female,43,Chennai,6,"?2,058.07",?239.28,343.0116667,High Value,,,,
CUST0148,Kavya Verma,Female,57,Jaipur,8,"?6,042.80",?869.35,755.35,High Value,,,,
CUST0881,Vikram Iyer,Male,34,Jaipur,7,"?4,346.66",?559.37,620.9514286,High Value,,,,
CUST0730,Rahul Mehta,Female,53,Jaipur,6,"?4,589.84",?755.33,764.9733333,High Value,,,,
CUST0582,Riya Verma,Male,28,Kolkata,11,"?7,270.45","?1,157.31",660.95,High Value,,,,
CUST0748,Priya Kapoor,Female,51,Chennai,4,"?1,937.17",?239.10,484.2925,High Value,,,,
CUST0252,Amit Nair,Female,62,Hyderabad,8,"?5,201.24",?628.44,650.155,High Value,,,,
CUST0055,Anjali Mehta,Female,48,Bengaluru,6,"?1,908.59",?358.89,318.0983333,High Value,,,,
CUST0745,Riya Shah,Female,40,Lucknow,4,"?2,471.12",?372.19,617.78,High Value,,,,
CUST0673,Kavya Iyer,Female,31,Pune,5,"?1,224.73",?145.52,244.946,High Value,,,,
CUST0259,Simran Patel,Female,52,Chennai,4,?873.11,?152.24,218.2775,Medium Value,,,,
CUST0179,Sneha Singh,Female,62,Ahmedabad,4,"?1,198.54",?164.44,299.635,High Value,,,,
CUST0497,Riya Patel,Female,21,Ahmedabad,7,"?1,341.40",?245.70,191.6285714,High Value,,,,
CUST0858,Anjali Khan,Male,18,Ahmedabad,5,"?2,282.94",?301.46,456.588,High Value,,,,
CUST0172,Neha Shah,Female,56,Lucknow,7,"?5,240.40",?840.32,748.6285714,High Value,,,,
CUST0389,Amit Nair,Female,41,Jaipur,2,?921.96,?178.66,460.98,Medium Value,,,,
CUST0950,Anjali Verma,Male,42,Mumbai,5,"?2,046.37",?327.33,409.274,High Value,,,,
CUST0344,Meera Verma,Female,27,Delhi,7,"?2,981.14",?512.62,425.8771429,High Value,,,,
CUST0792,Aditya Khan,Male,46,Mumbai,6,"?2,614.32",?293.50,435.72,High Value,,,,
CUST0852,Sahil Singh,Female,25,Ahmedabad,4,"?2,765.34",?315.65,691.335,High Value,,,,
CUST0225,Nikhil Mehta,Male,28,Delhi,8,"?4,408.09",?562.99,551.01125,High Value,,,,
CUST0385,Karan Patel,Male,38,Hyderabad,4,"?1,586.30",?228.95,396.575,High Value,,,,
CUST0655,Amit Kapoor,Female,31,Kolkata,6,"?2,830.19",?511.63,471.6983333,High Value,,,,
CUST0796,Sahil Gupta,Male,42,Jaipur,7,"?4,036.78",?752.26,576.6828571,High Value,,,,
CUST0452,Priya Iyer,Male,30,Mumbai,4,"?4,239.89",?403.35,1059.9725,High Value,,,,
CUST0112,Neha Kapoor,Female,32,Delhi,5,"?1,865.28",?331.64,373.056,High Value,,,,
CUST0036,Sneha Sharma,Male,54,Pune,3,?874.40,?106.38,291.4666667,Medium Value,,,,
CUST0153,Anjali Joshi,Male,40,Hyderabad,6,"?4,297.73",?486.17,716.2883333,High Value,,,,
CUST0589,Meera Das,Male,48,Chennai,3,?721.76,?88.56,240.5866667,Medium Value,,,,
CUST0232,Manish Malhotra,Female,30,Kolkata,10,"?3,182.27",?481.98,318.227,High Value,,,,
CUST0342,Rohan Verma,Male,36,Pune,5,"?1,655.15",?197.13,331.03,High Value,,,,
CUST0862,Riya Mehta,Male,20,Jaipur,7,"?5,064.99",?752.14,723.57,High Value,,,,
CUST0307,Nikhil Shah,Female,22,Kolkata,5,"?3,221.16",?502.09,644.232,High Value,,,,
CUST0753,Simran Iyer,Male,54,Bengaluru,5,"?2,653.85",?483.56,530.77,High Value,,,,
CUST0501,Sahil Patel,Male,45,Chennai,9,"?2,820.91",?495.55,313.4344444,High Value,,,,
CUST0038,Rohan Verma,Female,53,Delhi,6,"?2,726.18",?385.99,454.3633333,High Value,,,,
CUST0470,Rahul Shah,Male,44,Ahmedabad,9,"?4,313.05",?828.65,479.2277778,High Value,,,,
CUST0066,Karan Gupta,Female,43,Delhi,8,"?2,222.83",?308.72,277.85375,High Value,,,,
CUST0346,Priya Mehta,Female,61,Bengaluru,7,"?4,552.59",?824.97,650.37,High Value,,,,
CUST0714,Pooja Patel,Male,51,Bengaluru,6,"?2,086.80",?321.82,347.8,High Value,,,,
CUST0724,Karan Mehta,Male,52,Chennai,9,"?3,295.18",?452.62,366.1311111,High Value,,,,
CUST0185,Aditya Singh,Female,46,Pune,4,"?2,279.16",?260.84,569.79,High Value,,,,
CUST0242,Karan Das,Female,29,Bengaluru,4,"?1,073.07",?200.00,268.2675,High Value,,,,
CUST0510,Arjun Gupta,Male,20,Kolkata,8,"?3,812.95",?608.35,476.61875,High Value,,,,
CUST0607,Neha Malhotra,Male,40,Hyderabad,7,"?2,610.18",?402.90,372.8828571,High Value,,,,
CUST0234,Simran Iyer,Female,62,Hyderabad,6,"?4,146.42",?806.10,691.07,High Value,,,,
CUST0483,Anjali Verma,Female,38,Bengaluru,6,"?2,712.20",?377.95,452.0333333,High Value,,,,
CUST0183,Priya Verma,Female,56,Lucknow,8,"?4,836.88",?651.13,604.61,High Value,,,,
CUST0809,Kavya Singh,Female,59,Ahmedabad,7,"?4,681.32",?936.79,668.76,High Value,,,,
CUST0878,Neha Nair,Female,57,Lucknow,4,"?1,408.72",?188.04,352.18,High Value,,,,
CUST0035,Riya Sharma,Male,41,Hyderabad,4,"?4,194.84",?647.95,1048.71,High Value,,,,
CUST0017,Meera Nair,Male,52,Bengaluru,8,"?2,307.75",?456.42,288.46875,High Value,,,,
CUST0721,Karan Khan,Female,35,Bengaluru,7,"?1,878.19",?230.61,268.3128571,High Value,,,,
CUST0771,Arjun Gupta,Male,62,Pune,9,"?4,513.85",?694.14,501.5388889,High Value,,,,
CUST0528,Meera Sharma,Male,30,Lucknow,7,"?3,969.15",?693.34,567.0214286,High Value,,,,
CUST0553,Aditya Patel,Female,43,Ahmedabad,7,"?1,932.87",?339.81,276.1242857,High Value,,,,
CUST0772,Simran Singh,Male,64,Mumbai,8,"?1,944.80",?268.28,243.1,High Value,,,,
CUST0193,Anjali Khan,Female,62,Ahmedabad,9,"?2,285.36",?292.08,253.9288889,High Value,,,,
CUST0169,Priya Singh,Female,25,Pune,7,"?3,445.59",?555.01,492.2271429,High Value,,,,
CUST0975,Rahul Mehta,Male,52,Mumbai,8,"?3,075.18",?506.82,384.3975,High Value,,,,
CUST0431,Amit Mehta,Female,33,Bengaluru,6,"?2,354.92",?325.34,392.4866667,High Value,,,,
CUST0661,Pooja Verma,Female,23,Chennai,7,"?5,040.01",?994.24,720.0014286,High Value,,,,
CUST0362,Vikram Malhotra,Male,53,Lucknow,2,?379.66,?63.80,189.83,Low Value,,,,
CUST0293,Karan Khan,Male,29,Delhi,4,"?3,202.78",?419.53,800.695,High Value,,,,
CUST0325,Amit Nair,Male,57,Lucknow,5,"?1,637.25",?256.38,327.45,High Value,,,,
CUST0682,Rohan Mehta,Female,41,Jaipur,8,"?3,237.79",?469.52,404.72375,High Value,,,,
CUST0309,Karan Iyer,Female,54,Kolkata,8,"?1,738.26",?257.44,217.2825,High Value,,,,
CUST0160,Karan Khan,Female,35,Hyderabad,7,"?2,995.49",?408.68,427.9271429,High Value,,,,
CUST0683,Anjali Kapoor,Female,22,Mumbai,5,?824.39,?145.81,164.878,Medium Value,,,,
CUST0695,Neha Kapoor,Male,39,Kolkata,4,"?1,124.45",?188.17,281.1125,High Value,,,,
CUST0366,Meera Shah,Male,58,Jaipur,5,"?2,334.38",?334.88,466.876,High Value,,,,
CUST0404,Rohan Gupta,Female,19,Chennai,6,"?2,795.57",?400.23,465.9283333,High Value,,,,
CUST0408,Kavya Malhotra,Male,26,Chennai,5,?928.38,?91.66,185.676,Medium Value,,,,
CUST0296,Manish Khan,Male,41,Hyderabad,5,"?2,245.52",?239.84,449.104,High Value,,,,
CUST0089,Pooja Malhotra,Male,32,Mumbai,4,?724.39,?128.23,181.0975,Medium Value,,,,
CUST0775,Simran Shah,Female,24,Ahmedabad,4,"?1,433.48",?220.21,358.37,High Value,,,,
CUST0728,Amit Das,Male,40,Kolkata,9,"?1,469.34",?199.10,163.26,High Value,,,,
CUST0843,Rahul Nair,Female,36,Hyderabad,4,"?2,373.18",?357.17,593.295,High Value,,,,
CUST0269,Rohan Das,Female,51,Pune,6,"?1,666.20",?295.62,277.7,High Value,,,,
CUST0030,Neha Singh,Female,28,Ahmedabad,5,"?1,270.65",?245.07,254.13,High Value,,,,
CUST0493,Nikhil Das,Female,22,Lucknow,6,"?1,874.42",?362.43,312.4033333,High Value,,,,
CUST0525,Arjun Gupta,Female,59,Pune,5,"?3,401.87",?448.74,680.374,High Value,,,,
CUST0473,Sneha Shah,Male,29,Kolkata,4,"?2,162.76",?356.09,540.69,High Value,,,,
CUST0050,Neha Sharma,Female,64,Chennai,8,"?2,894.89",?371.61,361.86125,High Value,,,,
CUST0784,Vikram Mehta,Female,60,Hyderabad,6,"?6,481.34","?1,051.43",1080.223333,High Value,,,,
CUST0531,Neha Das,Female,33,Lucknow,4,"?3,355.71",?440.15,838.9275,High Value,,,,
CUST0224,Simran Khan,Female,27,Bengaluru,12,"?6,070.29",?882.68,505.8575,High Value,,,,
CUST0492,Sneha Nair,Male,51,Ahmedabad,7,"?4,507.10",?694.44,643.8714286,High Value,,,,
CUST0782,Kavya Nair,Male,56,Kolkata,7,"?2,971.52",?507.65,424.5028571,High Value,,,,
CUST0708,Isha Joshi,Male,41,Bengaluru,3,"?1,135.94",?158.93,378.6466667,High Value,,,,
CUST0111,Riya Mehta,Male,27,Mumbai,5,"?2,261.77",?266.61,452.354,High Value,,,,
CUST0773,Priya Mehta,Female,64,Kolkata,4,"?1,413.71",?189.40,353.4275,High Value,,,,
CUST0687,Amit Nair,Male,35,Pune,2,?824.68,?148.67,412.34,Medium Value,,,,
CUST0542,Anjali Verma,Female,29,Jaipur,7,"?4,702.67",?896.48,671.81,High Value,,,,
CUST0451,Anjali Shah,Female,27,Bengaluru,5,"?1,215.47",?155.62,243.094,High Value,,,,
CUST0418,Priya Nair,Female,59,Bengaluru,9,"?2,457.57",?422.23,273.0633333,High Value,,,,
CUST0722,Amit Gupta,Male,55,Pune,7,"?3,671.02",?695.76,524.4314286,High Value,,,,
CUST0615,Anjali Nair,Female,43,Mumbai,10,"?3,999.34",?447.48,399.934,High Value,,,,
CUST0689,Karan Mehta,Male,37,Kolkata,4,"?2,039.55",?268.37,509.8875,High Value,,,,
CUST0712,Kavya Sharma,Male,52,Chennai,7,"?1,770.53",?275.19,252.9328571,High Value,,,,
CUST0206,Manish Shah,Male,42,Bengaluru,4,"?2,257.61",?416.81,564.4025,High Value,,,,
CUST0608,Karan Joshi,Male,51,Ahmedabad,5,"?2,726.11",?497.74,545.222,High Value,,,,
CUST0286,Kavya Malhotra,Male,36,Lucknow,6,"?2,250.05",?308.90,375.0083333,High Value,,,,
CUST0031,Rahul Das,Female,50,Delhi,9,"?4,264.42",?648.96,473.8244444,High Value,,,,
CUST0620,Manish Patel,Female,60,Ahmedabad,9,"?4,169.07",?755.64,463.23,High Value,,,,
CUST0786,Sahil Shah,Female,27,Mumbai,11,"?5,661.64",?890.88,514.6945455,High Value,,,,
CUST0352,Simran Shah,Male,63,Jaipur,8,"?2,364.00",?357.07,295.5,High Value,,,,
CUST0461,Karan Joshi,Female,53,Hyderabad,5,"?1,279.88",?164.41,255.976,High Value,,,,
CUST0906,Amit Kapoor,Female,38,Bengaluru,3,"?1,660.90",?292.75,553.6333333,High Value,,,,
CUST0583,Arjun Mehta,Female,48,Pune,7,"?3,662.04",?507.70,523.1485714,High Value,,,,
CUST0507,Sneha Malhotra,Male,19,Hyderabad,3,"?3,051.48",?640.44,1017.16,High Value,,,,
CUST0063,Amit Nair,Male,43,Pune,7,"?2,703.64",?431.98,386.2342857,High Value,,,,
CUST0058,Kavya Das,Female,27,Bengaluru,3,?442.59,?83.87,147.53,Low Value,,,,
CUST0345,Anjali Malhotra,Male,64,Ahmedabad,10,"?4,060.81",?544.38,406.081,High Value,,,,
CUST0509,Sneha Gupta,Female,40,Delhi,9,"?3,424.85",?413.69,380.5388889,High Value,,,,
CUST0824,Arjun Khan,Female,50,Kolkata,4,"?1,284.76",?152.55,321.19,High Value,,,,
CUST0069,Vikram Shah,Female,26,Chennai,8,"?5,073.36",?903.71,634.17,High Value,,,,
CUST0640,Sneha Singh,Male,46,Hyderabad,7,"?2,368.16",?273.22,338.3085714,High Value,,,,
CUST0829,Aditya Sharma,Male,54,Bengaluru,6,"?4,073.32",?656.09,678.8866667,High Value,,,,
CUST0152,Aditya Khan,Male,49,Chennai,3,"?2,554.51",?271.15,851.5033333,High Value,,,,
CUST0263,Sahil Gupta,Male,53,Bengaluru,4,"?1,423.12",?167.37,355.78,High Value,,,,
CUST0164,Pooja Gupta,Female,29,Hyderabad,2,"?1,359.02",?201.05,679.51,High Value,,,,
CUST0987,Anjali Nair,Male,53,Ahmedabad,5,"?3,803.64",?573.61,760.728,High Value,,,,
CUST0923,Vikram Das,Female,24,Kolkata,8,"?3,752.85",?595.48,469.10625,High Value,,,,
CUST0115,Isha Iyer,Female,46,Lucknow,4,"?1,709.56",?219.67,427.39,High Value,,,,
CUST0826,Riya Iyer,Female,29,Ahmedabad,7,"?3,208.02",?548.75,458.2885714,High Value,,,,
CUST0559,Sneha Gupta,Female,35,Mumbai,5,"?2,595.30",?503.18,519.06,High Value,,,,
CUST0487,Priya Nair,Male,47,Hyderabad,4,"?1,214.81",?102.30,303.7025,High Value,,,,
CUST0925,Sahil Shah,Male,49,Mumbai,6,"?4,271.87",?650.43,711.9783333,High Value,,,,
CUST0901,Rahul Das,Male,60,Chennai,5,"?1,663.02",?282.32,332.604,High Value,,,,
CUST0755,Priya Patel,Male,32,Lucknow,6,"?2,729.07",?443.27,454.845,High Value,,,,
CUST0519,Isha Joshi,Male,40,Kolkata,3,"?1,754.46",?381.95,584.82,High Value,,,,
CUST0781,Meera Reddy,Female,63,Mumbai,10,"?7,240.05","?1,097.15",724.005,High Value,,,,
CUST0868,Meera Shah,Female,45,Delhi,4,"?2,655.70",?436.73,663.925,High Value,,,,
CUST0178,Kavya Joshi,Female,36,Mumbai,5,"?5,448.63",?666.98,1089.726,High Value,,,,
CUST0403,Simran Shah,Male,25,Bengaluru,8,"?3,822.14",?623.34,477.7675,High Value,,,,
CUST0642,Sneha Gupta,Female,63,Lucknow,1,?120.58,?15.01,120.58,Low Value,,,,
CUST0970,Kavya Nair,Male,65,Delhi,7,"?4,212.95",?726.40,601.85,High Value,,,,
CUST0122,Amit Mehta,Female,39,Jaipur,5,"?1,696.15",?198.58,339.23,High Value,,,,
CUST0134,Arjun Kapoor,Female,34,Pune,5,"?3,789.36",?784.18,757.872,High Value,,,,
CUST0379,Arjun Sharma,Male,36,Chennai,8,"?6,376.68",?921.30,797.085,High Value,,,,
CUST0704,Arjun Malhotra,Male,54,Chennai,5,"?2,817.58",?373.67,563.516,High Value,,,,
CUST0061,Sahil Joshi,Male,21,Jaipur,9,"?5,137.04",?902.53,570.7822222,High Value,,,,
CUST0136,Amit Kapoor,Male,19,Bengaluru,10,"?5,056.04",?773.31,505.604,High Value,,,,
CUST0899,Rohan Joshi,Female,25,Kolkata,9,"?3,249.05",?616.11,361.0055556,High Value,,,,
CUST0321,Rohan Joshi,Male,48,Ahmedabad,4,?783.47,?89.09,195.8675,Medium Value,,,,
CUST0453,Manish Khan,Female,27,Kolkata,5,"?3,433.40",?592.70,686.68,High Value,,,,
CUST0358,Rahul Khan,Male,63,Chennai,6,"?3,085.81",?414.82,514.3016667,High Value,,,,
CUST0577,Amit Khan,Male,56,Lucknow,7,"?4,271.85",?815.19,610.2642857,High Value,,,,
CUST0427,Neha Sharma,Female,42,Lucknow,7,"?1,871.87",?316.88,267.41,High Value,,,,
CUST0698,Priya Joshi,Male,41,Delhi,7,"?3,366.94",?652.81,480.9914286,High Value,,,,
CUST0084,Kavya Iyer,Male,33,Delhi,7,"?2,484.94",?397.28,354.9914286,High Value,,,,
CUST0994,Anjali Sharma,Female,33,Bengaluru,7,"?4,065.64",?634.67,580.8057143,High Value,,,,
CUST0331,Manish Joshi,Male,41,Chennai,7,"?4,602.09",?583.09,657.4414286,High Value,,,,
CUST0135,Riya Sharma,Male,40,Bengaluru,7,"?2,630.39",?474.08,375.77,High Value,,,,
CUST0445,Anjali Mehta,Female,55,Chennai,3,"?2,157.25",?436.46,719.0833333,High Value,,,,
CUST0664,Kavya Nair,Male,63,Pune,6,"?1,714.45",?272.56,285.7416667,High Value,,,,
CUST0082,Simran Reddy,Male,40,Bengaluru,3,?536.05,?79.89,178.6833333,Medium Value,,,,
CUST0536,Simran Khan,Female,20,Lucknow,5,"?2,763.85",?321.30,552.77,High Value,,,,
CUST0364,Pooja Patel,Male,33,Kolkata,2,?593.52,?58.68,296.76,Medium Value,,,,
CUST0184,Pooja Joshi,Male,47,Hyderabad,6,"?2,995.20",?565.60,499.2,High Value,,,,
CUST0602,Karan Kapoor,Female,24,Mumbai,2,"?1,235.34",?178.47,617.67,High Value,,,,
CUST0190,Manish Reddy,Female,29,Lucknow,4,?654.76,?106.70,163.69,Medium Value,,,,
CUST0405,Isha Iyer,Female,47,Jaipur,3,?280.90,?53.85,93.63333333,Low Value,,,,
CUST0880,Neha Singh,Male,24,Ahmedabad,7,"?4,377.89",?652.86,625.4128571,High Value,,,,
CUST0196,Neha Kapoor,Female,50,Mumbai,5,"?1,790.35",?310.09,358.07,High Value,,,,
CUST0249,Arjun Iyer,Female,58,Chennai,5,"?2,264.77",?235.71,452.954,High Value,,,,
CUST0646,Pooja Iyer,Female,50,Pune,6,"?3,609.62",?647.89,601.6033333,High Value,,,,
CUST0238,Sneha Nair,Male,57,Hyderabad,7,"?3,588.70",?581.83,512.6714286,High Value,,,,
CUST0931,Karan Singh,Female,26,Delhi,4,"?2,860.66",?517.41,715.165,High Value,,,,
CUST0854,Nikhil Patel,Female,51,Hyderabad,6,"?2,850.43",?495.43,475.0716667,High Value,,,,
CUST0684,Sahil Patel,Male,34,Bengaluru,8,"?2,071.69",?365.10,258.96125,High Value,,,,
CUST0966,Pooja Reddy,Male,38,Jaipur,4,"?1,199.37",?141.27,299.8425,High Value,,,,
CUST0903,Riya Khan,Female,27,Jaipur,2,"?1,821.98",?409.03,910.99,High Value,,,,
CUST0918,Rahul Khan,Female,58,Hyderabad,5,"?3,791.38",?402.26,758.276,High Value,,,,
CUST0801,Priya Mehta,Male,61,Kolkata,5,"?3,009.10",?531.98,601.82,High Value,,,,
CUST0892,Arjun Reddy,Male,41,Chennai,2,"?1,557.62",?285.47,778.81,High Value,,,,
CUST0751,Aditya Khan,Male,29,Bengaluru,4,?600.02,?81.08,150.005,Medium Value,,,,
CUST0088,Riya Gupta,Male,47,Chennai,3,"?1,779.14",?247.66,593.0466667,High Value,,,,
CUST0156,Riya Shah,Male,62,Ahmedabad,7,"?2,223.74",?379.35,317.6771429,High Value,,,,
CUST0920,Priya Reddy,Male,49,Delhi,4,"?3,995.69",?596.30,998.9225,High Value,,,,
CUST0967,Amit Patel,Male,52,Jaipur,5,"?1,454.10",?271.27,290.82,High Value,,,,
CUST0009,Neha Patel,Female,24,Chennai,3,"?1,155.86",?212.12,385.2866667,High Value,,,,
CUST0808,Neha Kapoor,Female,52,Chennai,9,"?4,600.43",?798.25,511.1588889,High Value,,,,
CUST0219,Karan Malhotra,Female,38,Ahmedabad,4,?796.04,?81.60,199.01,Medium Value,,,,
CUST0265,Meera Sharma,Female,27,Delhi,2,?625.73,?64.44,312.865,Medium Value,,,,
CUST0266,Isha Singh,Male,25,Mumbai,3,?503.21,?83.12,167.7366667,Medium Value,,,,
CUST0465,Riya Gupta,Male,52,Hyderabad,5,"?2,953.57",?419.64,590.714,High Value,,,,
CUST0865,Sneha Gupta,Female,37,Delhi,5,"?3,140.62",?614.82,628.124,High Value,,,,
CUST0732,Neha Sharma,Male,32,Delhi,4,"?1,241.14",?234.44,310.285,High Value,,,,
CUST0101,Isha Verma,Male,44,Kolkata,5,"?2,306.69",?358.08,461.338,High Value,,,,
CUST0798,Riya Singh,Male,43,Mumbai,5,"?3,868.91",?505.30,773.782,High Value,,,,
CUST0750,Sneha Singh,Male,32,Lucknow,4,"?1,159.27",?199.55,289.8175,High Value,,,,
CUST0992,Riya Joshi,Female,57,Hyderabad,8,"?2,775.86",?544.49,346.9825,High Value,,,,
CUST0157,Riya Joshi,Male,23,Hyderabad,3,"?1,645.43",?265.99,548.4766667,High Value,,,,
CUST0811,Arjun Mehta,Male,57,Lucknow,6,"?1,870.98",?262.59,311.83,High Value,,,,
CUST0221,Sneha Das,Male,45,Pune,3,"?1,717.58",?214.00,572.5266667,High Value,,,,
CUST0820,Anjali Patel,Female,63,Jaipur,6,"?5,309.35",?733.14,884.8916667,High Value,,,,
CUST0575,Neha Verma,Male,29,Kolkata,3,"?2,225.34",?215.80,741.78,High Value,,,,
CUST0535,Manish Patel,Female,38,Bengaluru,4,"?2,829.58",?345.52,707.395,High Value,,,,
CUST0986,Sneha Iyer,Female,30,Pune,4,"?1,840.52",?315.01,460.13,High Value,,,,
CUST0448,Neha Mehta,Female,64,Mumbai,7,"?6,063.83","?1,050.76",866.2614286,High Value,,,,
CUST0118,Nikhil Joshi,Male,35,Ahmedabad,6,"?1,126.75",?148.85,187.7916667,High Value,,,,
CUST0315,Nikhil Nair,Male,51,Jaipur,10,"?6,437.22",?989.84,643.722,High Value,,,,
CUST0400,Anjali Reddy,Female,23,Chennai,5,"?1,501.73",?211.00,300.346,High Value,,,,
CUST0208,Kavya Khan,Female,18,Hyderabad,6,"?1,251.99",?193.12,208.665,High Value,,,,
CUST0668,Riya Patel,Male,42,Pune,5,"?1,747.28",?270.15,349.456,High Value,,,,
CUST0209,Pooja Malhotra,Female,27,Ahmedabad,5,"?1,737.19",?289.12,347.438,High Value,,,,
CUST0985,Vikram Mehta,Male,28,Delhi,9,"?3,510.82",?674.07,390.0911111,High Value,,,,
CUST0669,Neha Patel,Female,41,Hyderabad,3,?242.26,?29.20,80.75333333,Low Value,,,,
CUST0360,Rohan Kapoor,Female,46,Lucknow,2,"?1,322.91",?231.63,661.455,High Value,,,,
CUST0350,Aditya Shah,Female,28,Bengaluru,4,"?2,943.53",?352.93,735.8825,High Value,,,,
CUST0662,Arjun Patel,Female,60,Delhi,4,?678.02,?122.55,169.505,Medium Value,,,,
CUST0917,Manish Patel,Male,60,Bengaluru,5,"?3,495.70",?397.22,699.14,High Value,,,,
CUST0777,Amit Kapoor,Male,36,Mumbai,8,"?4,009.60",?608.70,501.2,High Value,,,,
CUST0506,Neha Verma,Female,51,Delhi,4,?615.00,?81.99,153.75,Medium Value,,,,
CUST0114,Neha Joshi,Male,47,Jaipur,5,"?3,677.79",?613.79,735.558,High Value,,,,
CUST0630,Rohan Verma,Female,46,Lucknow,2,"?3,387.92",?479.73,1693.96,High Value,,,,
CUST0478,Manish Singh,Male,25,Chennai,2,?337.08,?66.50,168.54,Low Value,,,,
CUST0285,Isha Khan,Male,44,Chennai,8,"?4,888.75",?643.78,611.09375,High Value,,,,
CUST0828,Arjun Das,Male,36,Mumbai,5,"?1,825.51",?235.86,365.102,High Value,,,,
CUST0842,Aditya Nair,Female,61,Delhi,2,?429.41,?68.39,214.705,Low Value,,,,
CUST0802,Vikram Malhotra,Male,56,Hyderabad,4,?941.73,?142.20,235.4325,Medium Value,,,,
CUST0633,Riya Mehta,Female,44,Ahmedabad,2,"?1,124.28",?102.81,562.14,High Value,,,,
CUST0815,Riya Malhotra,Male,32,Delhi,4,"?1,180.45",?217.58,295.1125,High Value,,,,
CUST0198,Nikhil Khan,Female,58,Ahmedabad,6,"?1,468.54",?190.46,244.7566667,High Value,,,,
CUST0130,Rahul Reddy,Female,55,Lucknow,7,"?3,200.00",?596.50,457.1428571,High Value,,,,
CUST0319,Anjali Kapoor,Female,47,Lucknow,5,"?1,256.85",?238.47,251.37,High Value,,,,
CUST0433,Riya Iyer,Female,36,Jaipur,5,"?1,849.04",?297.11,369.808,High Value,,,,
CUST0631,Priya Malhotra,Female,18,Ahmedabad,2,"?1,612.37",?166.71,806.185,High Value,,,,
CUST0011,Isha Patel,Female,23,Jaipur,4,"?1,750.91",?259.05,437.7275,High Value,,,,
CUST0647,Rohan Kapoor,Female,21,Hyderabad,8,"?1,842.84",?286.89,230.355,High Value,,,,
CUST0959,Karan Khan,Female,36,Bengaluru,4,"?1,728.61",?311.17,432.1525,High Value,,,,
CUST0964,Isha Das,Female,19,Jaipur,4,"?2,272.23",?364.63,568.0575,High Value,,,,
CUST0197,Isha Joshi,Female,21,Bengaluru,1,"?1,402.03",?242.31,1402.03,High Value,,,,
CUST0944,Aditya Gupta,Female,62,Mumbai,8,"?4,067.70",?654.20,508.4625,High Value,,,,
CUST0804,Isha Mehta,Female,35,Jaipur,5,"?1,863.71",?282.14,372.742,High Value,,,,
CUST0384,Amit Mehta,Male,52,Hyderabad,5,"?1,748.12",?333.52,349.624,High Value,,,,
CUST0486,Rahul Singh,Female,62,Bengaluru,6,"?3,588.02",?593.58,598.0033333,High Value,,,,
CUST0586,Rohan Singh,Male,43,Chennai,3,"?1,085.94",?107.43,361.98,High Value,,,,
CUST0456,Riya Shah,Female,38,Delhi,8,"?6,035.82","?1,061.08",754.4775,High Value,,,,
CUST0392,Simran Mehta,Male,56,Delhi,7,"?2,166.89",?376.40,309.5557143,High Value,,,,
CUST0302,Sahil Joshi,Female,20,Bengaluru,5,"?2,285.23",?395.58,457.046,High Value,,,,
CUST0289,Simran Malhotra,Female,25,Hyderabad,6,"?1,919.96",?304.36,319.9933333,High Value,,,,
CUST0670,Rohan Mehta,Male,59,Delhi,5,?941.85,?169.48,188.37,Medium Value,,,,
CUST0867,Priya Singh,Female,47,Jaipur,3,"?2,472.21",?328.91,824.07,High Value,,,,
CUST0830,Sneha Nair,Male,61,Bengaluru,7,"?3,542.55",?543.43,506.0785714,High Value,,,,
CUST0396,Riya Shah,Female,53,Pune,4,"?2,120.23",?365.98,530.0575,High Value,,,,
CUST0096,Arjun Sharma,Female,18,Jaipur,6,"?4,200.35",?697.85,700.0583333,High Value,,,,
CUST0676,Arjun Nair,Male,33,Jaipur,6,"?1,582.38",?303.40,263.73,High Value,,,,
CUST0761,Karan Singh,Female,26,Delhi,4,"?2,215.99",?260.36,553.9975,High Value,,,,
CUST0443,Riya Shah,Female,27,Lucknow,5,"?3,455.88",?350.40,691.176,High Value,,,,
CUST0283,Amit Patel,Female,24,Chennai,8,"?2,956.75",?555.03,369.59375,High Value,,,,
CUST0401,Simran Das,Male,53,Jaipur,2,"?1,070.05",?232.04,535.025,High Value,,,,
CUST0422,Anjali Joshi,Female,48,Ahmedabad,3,?633.06,?121.79,211.02,Medium Value,,,,
CUST0420,Pooja Nair,Female,48,Bengaluru,6,"?1,822.75",?243.34,303.7916667,High Value,,,,
CUST0128,Karan Nair,Female,64,Delhi,6,"?2,633.47",?448.70,438.9116667,High Value,,,,
CUST0367,Sahil Gupta,Male,36,Kolkata,9,"?4,891.33",?726.41,543.4811111,High Value,,,,
CUST0226,Amit Iyer,Female,57,Bengaluru,3,?281.52,?52.80,93.84,Low Value,,,,
CUST0378,Pooja Shah,Female,52,Ahmedabad,6,"?2,109.56",?248.44,351.5933333,High Value,,,,
CUST0070,Amit Reddy,Male,41,Hyderabad,8,"?4,451.51",?549.69,556.43875,High Value,,,,
CUST0243,Rohan Kapoor,Female,51,Jaipur,3,"?1,690.65",?212.12,563.55,High Value,,,,
CUST0207,Meera Shah,Male,22,Hyderabad,6,"?2,500.38",?387.96,416.73,High Value,,,,
CUST0757,Meera Gupta,Male,39,Delhi,3,?957.09,?152.06,319.03,Medium Value,,,,
CUST0769,Amit Gupta,Female,38,Delhi,6,"?3,923.69",?665.61,653.9483333,High Value,,,,
CUST0520,Nikhil Khan,Female,44,Delhi,4,"?1,446.79",?176.10,361.6975,High Value,,,,
CUST0390,Anjali Sharma,Male,56,Ahmedabad,4,"?2,050.44",?330.27,512.61,High Value,,,,
CUST0504,Kavya Khan,Female,46,Kolkata,4,"?2,176.00",?416.20,544,High Value,,,,
CUST0073,Rohan Singh,Male,24,Jaipur,5,"?2,751.20",?494.72,550.24,High Value,,,,
CUST0199,Priya Gupta,Female,53,Delhi,4,"?2,219.98",?403.17,554.995,High Value,,,,
CUST0254,Pooja Joshi,Male,24,Bengaluru,8,"?3,550.22",?494.73,443.7775,High Value,,,,
CUST0652,Aditya Shah,Female,62,Chennai,6,"?1,506.21",?257.65,251.035,High Value,,,,
CUST0007,Rahul Kapoor,Male,62,Kolkata,8,"?3,776.64",?565.12,472.08,High Value,,,,
CUST0533,Pooja Mehta,Female,52,Chennai,3,"?2,810.95",?441.57,936.9833333,High Value,,,,
CUST0699,Arjun Kapoor,Male,54,Pune,6,"?2,880.80",?389.86,480.1333333,High Value,,,,
CUST0059,Pooja Gupta,Male,55,Jaipur,9,"?3,023.79",?492.11,335.9766667,High Value,,,,
CUST0018,Anjali Joshi,Female,35,Jaipur,6,"?4,337.49",?750.26,722.915,High Value,,,,
CUST0752,Sahil Khan,Female,55,Mumbai,5,"?2,339.91",?348.81,467.982,High Value,,,,
CUST0033,Nikhil Iyer,Male,27,Chennai,6,"?3,377.19",?594.82,562.865,High Value,,,,
CUST0173,Meera Gupta,Female,46,Ahmedabad,12,"?3,763.18",?705.62,313.5983333,High Value,,,,
CUST0785,Pooja Gupta,Male,21,Kolkata,4,"?4,420.35",?996.40,1105.0875,High Value,,,,
CUST0759,Rohan Kapoor,Male,51,Chennai,8,"?3,881.89",?609.04,485.23625,High Value,,,,
CUST0977,Simran Reddy,Male,36,Hyderabad,3,?598.05,?69.24,199.35,Medium Value,,,,
CUST0328,Riya Shah,Male,21,Ahmedabad,12,"?5,596.82",?831.65,466.4016667,High Value,,,,
CUST0151,Manish Gupta,Female,54,Lucknow,8,"?3,912.04",?611.02,489.005,High Value,,,,
CUST0706,Nikhil Sharma,Female,22,Ahmedabad,4,"?1,190.48",?207.99,297.62,High Value,,,,
CUST0299,Arjun Joshi,Female,49,Lucknow,3,?570.89,?72.95,190.2966667,Medium Value,,,,
CUST0718,Nikhil Verma,Female,22,Lucknow,7,"?4,394.24",?530.91,627.7485714,High Value,,,,
CUST0023,Rohan Gupta,Female,65,Lucknow,6,"?2,794.94",?498.38,465.8233333,High Value,,,,
CUST0074,Rohan Singh,Female,56,Bengaluru,8,"?4,143.74",?690.88,517.9675,High Value,,,,
CUST0100,Kavya Khan,Female,62,Hyderabad,8,"?1,430.28",?194.09,178.785,High Value,,,,
CUST0469,Kavya Khan,Female,24,Delhi,6,"?4,182.68",?745.99,697.1133333,High Value,,,,
CUST0974,Aditya Joshi,Female,45,Chennai,3,"?1,464.53",?283.45,488.1766667,High Value,,,,
CUST0968,Rahul Nair,Male,31,Bengaluru,3,?735.92,?127.35,245.3066667,Medium Value,,,,
CUST0251,Meera Reddy,Female,57,Bengaluru,8,"?3,379.91",?435.00,422.48875,High Value,,,,
CUST0377,Vikram Sharma,Male,20,Chennai,5,"?3,757.72",?580.50,751.544,High Value,,,,
CUST0231,Pooja Nair,Female,62,Hyderabad,3,?803.16,?161.65,267.72,Medium Value,,,,
CUST0496,Neha Nair,Male,63,Lucknow,2,"?1,311.79",?184.13,655.895,High Value,,,,
CUST0883,Priya Shah,Female,31,Ahmedabad,6,"?5,115.89",?794.18,852.6483333,High Value,,,,
CUST0552,Meera Shah,Female,40,Hyderabad,2,?535.58,?70.89,267.79,Medium Value,,,,
CUST0747,Rahul Khan,Male,19,Hyderabad,6,"?3,593.14",?410.48,598.8566667,High Value,,,,
CUST0410,Simran Verma,Male,26,Kolkata,5,"?1,214.05",?170.81,242.81,High Value,,,,
CUST0027,Meera Patel,Female,42,Lucknow,6,"?4,814.97",?684.56,802.495,High Value,,,,
CUST0417,Meera Khan,Male,19,Pune,8,"?4,118.02",?648.95,514.7525,High Value,,,,
CUST0147,Kavya Khan,Female,63,Delhi,8,"?4,219.60",?515.82,527.45,High Value,,,,
CUST0429,Karan Gupta,Male,49,Jaipur,7,"?2,916.45",?413.91,416.6357143,High Value,,,,
CUST0866,Neha Mehta,Female,28,Pune,5,"?1,601.26",?250.24,320.252,High Value,,,,
CUST0715,Kavya Joshi,Male,27,Hyderabad,2,"?1,553.89",?304.78,776.945,High Value,,,,
CUST0720,Sneha Singh,Female,38,Kolkata,4,"?3,485.81",?578.95,871.4525,High Value,,,,
CUST0460,Pooja Das,Male,62,Ahmedabad,4,?847.91,?168.33,211.9775,Medium Value,,,,
CUST0976,Meera Patel,Male,62,Pune,6,"?2,357.90",?329.65,392.9833333,High Value,,,,
CUST0756,Sneha Sharma,Female,18,Chennai,3,?832.47,?175.59,277.49,Medium Value,,,,
CUST0846,Isha Nair,Female,60,Chennai,6,"?1,891.88",?259.02,315.3133333,High Value,,,,
CUST0421,Aditya Singh,Female,22,Mumbai,5,"?2,438.47",?415.81,487.694,High Value,,,,
CUST0508,Manish Nair,Female,52,Kolkata,7,"?3,258.07",?551.29,465.4385714,High Value,,,,
CUST0113,Nikhil Joshi,Male,53,Bengaluru,9,"?3,868.75",?677.88,429.8611111,High Value,,,,
CUST0054,Neha Sharma,Male,23,Bengaluru,5,"?2,755.36",?340.93,551.072,High Value,,,,
CUST0498,Rohan Shah,Female,47,Lucknow,7,"?3,686.92",?540.90,526.7028571,High Value,,,,
CUST0288,Vikram Verma,Female,32,Pune,6,"?1,013.44",?178.70,168.9066667,High Value,,,,
CUST0124,Aditya Reddy,Male,54,Kolkata,5,"?1,875.62",?310.54,375.124,High Value,,,,
CUST0228,Arjun Joshi,Female,60,Mumbai,7,"?2,655.76",?384.65,379.3942857,High Value,,,,
CUST0373,Neha Kapoor,Female,26,Mumbai,6,"?2,878.77",?371.03,479.795,High Value,,,,
CUST0909,Amit Joshi,Female,54,Ahmedabad,3,?381.24,?44.74,127.08,Low Value,,,,
CUST0780,Isha Reddy,Male,39,Lucknow,4,"?1,591.82",?209.38,397.955,High Value,,,,
CUST0913,Meera Nair,Female,50,Jaipur,6,"?3,345.41",?576.83,557.5683333,High Value,,,,
CUST0281,Neha Khan,Female,38,Hyderabad,4,"?1,115.00",?186.83,278.75,High Value,,,,
CUST0965,Simran Shah,Female,49,Mumbai,3,"?1,255.58",?240.18,418.5266667,High Value,,,,
CUST0548,Rahul Sharma,Female,18,Mumbai,3,?358.75,?58.43,119.5833333,Low Value,,,,
CUST0565,Amit Shah,Female,21,Pune,5,"?3,366.63",?399.72,673.326,High Value,,,,
CUST0022,Aditya Reddy,Female,27,Hyderabad,5,"?2,540.26",?385.13,508.052,High Value,,,,
CUST0127,Arjun Mehta,Female,19,Kolkata,5,"?1,160.93",?212.25,232.186,High Value,,,,
CUST0079,Isha Sharma,Male,22,Delhi,9,"?4,737.48",?962.44,526.3866667,High Value,,,,
CUST0956,Nikhil Gupta,Male,51,Pune,1,?534.16,?113.36,534.16,Medium Value,,,,
CUST0327,Priya Joshi,Male,38,Lucknow,5,"?1,458.37",?257.99,291.674,High Value,,,,
CUST0142,Aditya Mehta,Male,22,Lucknow,2,?889.58,?110.89,444.79,Medium Value,,,,
CUST0550,Rahul Shah,Female,29,Pune,5,"?1,760.38",?334.82,352.076,High Value,,,,
CUST0387,Simran Joshi,Male,64,Chennai,11,"?2,572.41",?397.81,233.8554545,High Value,,,,
CUST0716,Amit Sharma,Male,51,Kolkata,4,"?2,450.78",?338.35,612.695,High Value,,,,
CUST0823,Manish Sharma,Female,63,Bengaluru,4,"?4,348.41",?690.07,1087.1025,High Value,,,,
CUST0612,Anjali Reddy,Male,51,Delhi,2,?266.02,?37.57,133.01,Low Value,,,,
CUST0276,Arjun Iyer,Female,42,Lucknow,5,?672.12,?110.35,134.424,Medium Value,,,,
CUST0323,Simran Shah,Male,37,Ahmedabad,5,"?3,289.25",?590.56,657.85,High Value,,,,
CUST0515,Nikhil Singh,Male,64,Lucknow,4,"?3,146.40",?490.93,786.6,High Value,,,,
CUST0643,Kavya Verma,Male,31,Bengaluru,3,"?2,174.28",?481.46,724.76,High Value,,,,
CUST0889,Simran Kapoor,Female,45,Pune,5,"?2,092.79",?401.05,418.558,High Value,,,,
CUST0485,Arjun Khan,Female,55,Lucknow,4,"?3,140.40",?655.83,785.1,High Value,,,,
CUST0636,Isha Singh,Male,47,Lucknow,1,?118.16,?8.17,118.16,Low Value,,,,
CUST0277,Nikhil Singh,Female,50,Lucknow,7,"?3,545.05",?626.50,506.4357143,High Value,,,,
CUST0494,Neha Sharma,Male,54,Jaipur,2,?854.16,?98.89,427.08,Medium Value,,,,
CUST0399,Vikram Patel,Male,22,Ahmedabad,4,"?1,030.84",?165.55,257.71,High Value,,,,
CUST0270,Amit Joshi,Female,41,Jaipur,4,?675.12,?92.76,168.78,Medium Value,,,,
CUST0380,Priya Malhotra,Female,35,Pune,2,?548.60,?56.04,274.3,Medium Value,,,,
CUST0665,Rahul Gupta,Female,22,Delhi,9,"?3,361.74",?622.34,373.5266667,High Value,,,,
CUST0610,Karan Patel,Female,20,Pune,2,"?1,130.49",?170.10,565.245,High Value,,,,
CUST0391,Priya Verma,Male,33,Chennai,6,"?1,298.13",?272.05,216.355,High Value,,,,
CUST0930,Kavya Iyer,Male,35,Kolkata,5,"?2,620.16",?439.85,524.032,High Value,,,,
CUST0810,Sahil Iyer,Female,20,Delhi,3,"?2,879.18",?544.98,959.7266667,High Value,,,,
CUST0102,Anjali Iyer,Female,43,Jaipur,5,"?1,853.49",?201.66,370.698,High Value,,,,
CUST0305,Karan Patel,Male,49,Kolkata,10,"?3,788.00",?612.58,378.8,High Value,,,,
CUST0282,Simran Verma,Female,22,Pune,3,?407.68,?70.54,135.8933333,Low Value,,,,
CUST0080,Isha Sharma,Female,55,Jaipur,3,"?1,211.70",?196.88,403.9,High Value,,,,
CUST0424,Simran Mehta,Male,41,Jaipur,9,"?3,234.40",?598.24,359.3777778,High Value,,,,
CUST0912,Kavya Sharma,Male,23,Lucknow,6,"?4,225.71",?667.19,704.285,High Value,,,,
CUST0275,Karan Iyer,Male,22,Delhi,5,"?3,361.98",?528.71,672.396,High Value,,,,
CUST0203,Amit Gupta,Male,47,Pune,7,"?5,402.39",?781.62,771.77,High Value,,,,
CUST0444,Nikhil Verma,Female,57,Chennai,4,"?3,432.13",?485.54,858.0325,High Value,,,,
CUST0847,Nikhil Singh,Male,60,Jaipur,3,"?1,887.57",?323.01,629.19,High Value,,,,
CUST0799,Nikhil Iyer,Male,25,Ahmedabad,3,"?1,188.08",?199.62,396.0266667,High Value,,,,
CUST0223,Rahul Sharma,Female,21,Hyderabad,2,"?1,126.33",?228.56,563.165,High Value,,,,
CUST0048,Vikram Patel,Male,60,Kolkata,3,"?2,794.02",?251.65,931.34,High Value,,,,
CUST0393,Manish Khan,Female,46,Pune,3,?623.61,?91.97,207.87,Medium Value,,,,
CUST0072,Rahul Nair,Female,60,Pune,3,?659.10,?104.97,219.7,Medium Value,,,,
CUST0306,Anjali Verma,Female,52,Bengaluru,4,"?2,703.63",?427.66,675.9075,High Value,,,,
CUST0271,Sahil Patel,Female,50,Bengaluru,3,"?1,452.40",?270.28,484.1333333,High Value,,,,
CUST0685,Priya Reddy,Male,43,Jaipur,9,"?5,192.59",?867.29,576.9544444,High Value,,,,
CUST0480,Anjali Sharma,Female,36,Lucknow,2,?487.22,?55.95,243.61,Low Value,,,,
CUST0274,Riya Das,Female,22,Pune,6,"?2,444.45",?422.17,407.4083333,High Value,,,,
CUST0590,Anjali Mehta,Female,36,Ahmedabad,7,"?4,139.04",?588.19,591.2914286,High Value,,,,
CUST0402,Pooja Reddy,Female,28,Delhi,3,"?2,331.37",?422.32,777.1233333,High Value,,,,
CUST0356,Kavya Sharma,Female,50,Chennai,6,"?3,983.02",?711.41,663.8366667,High Value,,,,
CUST0146,Karan Sharma,Female,49,Pune,9,"?4,582.79",?717.26,509.1988889,High Value,,,,
CUST0175,Meera Sharma,Male,31,Bengaluru,4,?734.03,?100.37,183.5075,Medium Value,,,,
CUST0264,Sahil Gupta,Male,39,Delhi,6,"?1,447.27",?178.93,241.2116667,High Value,,,,
CUST0369,Kavya Verma,Male,51,Chennai,3,"?1,396.12",?213.89,465.3733333,High Value,,,,
CUST0428,Kavya Gupta,Male,38,Lucknow,6,"?2,269.40",?355.48,378.2333333,High Value,,,,
CUST0126,Kavya Shah,Male,49,Bengaluru,4,"?2,781.06",?358.23,695.265,High Value,,,,
CUST0681,Amit Shah,Male,41,Chennai,4,"?1,187.41",?214.74,296.8525,High Value,,,,
CUST0441,Meera Shah,Female,50,Mumbai,3,"?2,173.80",?271.20,724.6,High Value,,,,
CUST0600,Simran Das,Male,24,Bengaluru,4,?922.88,?129.95,230.72,Medium Value,,,,
CUST0447,Pooja Joshi,Male,41,Chennai,6,"?4,319.66",?529.94,719.9433333,High Value,,,,
CUST0205,Kavya Malhotra,Female,48,Bengaluru,7,"?3,275.79",?641.01,467.97,High Value,,,,
CUST0958,Aditya Patel,Female,32,Bengaluru,4,"?2,929.64",?540.02,732.41,High Value,,,,
CUST0029,Neha Nair,Female,59,Chennai,5,"?2,041.73",?340.41,408.346,High Value,,,,
CUST0929,Meera Iyer,Female,50,Kolkata,9,"?5,693.45",?984.60,632.6055556,High Value,,,,
CUST0125,Riya Sharma,Female,37,Kolkata,5,?641.88,?94.38,128.376,Medium Value,,,,
CUST0229,Manish Reddy,Female,61,Jaipur,3,?910.61,?197.84,303.5366667,Medium Value,,,,
CUST0107,Meera Khan,Male,33,Hyderabad,3,?778.50,?145.80,259.5,Medium Value,,,,
CUST0415,Meera Shah,Male,50,Delhi,5,"?1,583.37",?256.77,316.674,High Value,,,,
CUST0505,Aditya Patel,Male,59,Chennai,6,"?2,714.51",?472.26,452.4183333,High Value,,,,
CUST0284,Rohan Shah,Male,55,Jaipur,2,?180.15,?25.94,90.075,Low Value,,,,
CUST0471,Riya Nair,Male,36,Chennai,5,"?2,300.95",?447.34,460.19,High Value,,,,
CUST0133,Vikram Joshi,Female,39,Kolkata,7,"?2,925.98",?374.00,417.9971429,High Value,,,,
CUST0108,Sneha Kapoor,Male,27,Mumbai,4,"?2,909.36",?507.51,727.34,High Value,,,,
CUST0570,Sahil Nair,Female,23,Lucknow,4,"?1,480.44",?218.24,370.11,High Value,,,,
CUST0760,Amit Khan,Female,55,Pune,5,"?2,420.33",?379.04,484.066,High Value,,,,
CUST0886,Nikhil Patel,Male,34,Bengaluru,5,"?3,139.06",?516.36,627.812,High Value,,,,
CUST0848,Anjali Singh,Male,48,Delhi,3,"?1,447.86",?272.46,482.62,High Value,,,,
CUST0121,Sneha Mehta,Male,63,Bengaluru,9,"?6,226.49",?995.52,691.8322222,High Value,,,,
CUST0945,Aditya Mehta,Female,61,Chennai,7,"?5,927.63","?1,218.28",846.8042857,High Value,,,,
CUST0077,Arjun Sharma,Male,39,Delhi,5,"?2,834.65",?421.31,566.93,High Value,,,,
CUST0947,Vikram Iyer,Female,32,Chennai,4,"?2,549.88",?528.98,637.47,High Value,,,,
CUST0355,Sneha Malhotra,Female,40,Mumbai,4,"?1,863.21",?308.07,465.8025,High Value,,,,
CUST0666,Sahil Gupta,Female,18,Mumbai,7,"?4,389.72",?585.39,627.1028571,High Value,,,,
CUST0833,Meera Kapoor,Male,32,Hyderabad,6,"?1,861.96",?286.40,310.3266667,High Value,,,,
CUST0359,Rohan Verma,Male,36,Ahmedabad,1,"?1,143.72",?209.35,1143.72,High Value,,,,
CUST0723,Rohan Patel,Male,46,Ahmedabad,5,"?3,213.19",?667.56,642.638,High Value,,,,
CUST0313,Sahil Mehta,Male,43,Hyderabad,4,"?1,529.50",?186.68,382.375,High Value,,,,
CUST0887,Manish Singh,Female,47,Mumbai,4,?977.69,?143.03,244.4225,Medium Value,,,,
CUST0594,Rahul Das,Female,63,Bengaluru,6,"?2,667.22",?272.81,444.5366667,High Value,,,,
CUST0116,Nikhil Mehta,Female,28,Ahmedabad,3,?278.53,?37.55,92.84333333,Low Value,,,,
CUST0999,Vikram Singh,Male,64,Pune,4,"?2,221.78",?394.74,555.445,High Value,,,,
CUST0046,Vikram Shah,Male,64,Lucknow,8,"?2,725.71",?400.19,340.71375,High Value,,,,
CUST0524,Kavya Shah,Male,42,Bengaluru,6,"?2,383.95",?355.47,397.325,High Value,,,,
CUST0337,Aditya Verma,Male,37,Jaipur,6,"?3,685.85",?572.84,614.3083333,High Value,,,,
CUST0888,Neha Malhotra,Male,20,Hyderabad,5,"?2,049.36",?264.58,409.872,High Value,,,,
CUST0248,Arjun Shah,Male,47,Chennai,2,?110.32,?14.58,55.16,Low Value,,,,
CUST0740,Arjun Joshi,Male,20,Lucknow,5,"?1,453.96",?212.14,290.792,High Value,,,,
CUST0086,Karan Kapoor,Female,60,Bengaluru,8,"?2,096.64",?369.91,262.08,High Value,,,,
CUST0834,Meera Kapoor,Female,63,Hyderabad,5,"?4,255.47",?701.80,851.094,High Value,,,,
CUST0859,Arjun Gupta,Male,54,Delhi,9,"?4,216.83",?657.38,468.5366667,High Value,,,,
CUST0914,Vikram Nair,Female,39,Chennai,4,"?1,205.66",?162.25,301.415,High Value,,,,
CUST0272,Meera Sharma,Female,47,Mumbai,5,"?3,271.57",?429.25,654.314,High Value,,,,
CUST0241,Simran Das,Male,23,Hyderabad,3,"?1,704.26",?320.61,568.0866667,High Value,,,,
CUST0303,Aditya Iyer,Male,18,Bengaluru,5,"?3,588.57",?424.60,717.714,High Value,,,,
CUST0692,Neha Sharma,Male,62,Mumbai,3,"?3,004.10",?417.26,1001.366667,High Value,,,,
CUST0587,Meera Mehta,Female,46,Chennai,6,"?3,167.53",?575.20,527.9216667,High Value,,,,
CUST0935,Rohan Das,Male,50,Jaipur,7,"?1,254.66",?168.92,179.2371429,High Value,,,,
CUST0161,Arjun Gupta,Male,64,Bengaluru,8,"?3,483.57",?497.85,435.44625,High Value,,,,
CUST0340,Rahul Khan,Female,29,Bengaluru,4,"?1,362.90",?301.39,340.725,High Value,,,,
CUST0774,Anjali Reddy,Female,49,Kolkata,3,?831.33,?157.38,277.11,Medium Value,,,,
CUST0025,Rohan Shah,Female,23,Mumbai,7,"?3,022.30",?496.69,431.7571429,High Value,,,,
CUST0016,Simran Gupta,Female,62,Pune,5,?777.03,?142.54,155.406,Medium Value,,,,
CUST0407,Aditya Das,Female,51,Kolkata,5,"?1,732.93",?243.88,346.586,High Value,,,,
CUST0256,Isha Mehta,Male,44,Pune,5,"?3,234.33",?547.53,646.866,High Value,,,,
CUST0409,Amit Joshi,Female,61,Jaipur,7,"?1,764.16",?290.93,252.0228571,High Value,,,,
CUST0711,Vikram Das,Male,27,Mumbai,3,"?1,982.60",?313.16,660.8666667,High Value,,,,
CUST0841,Nikhil Kapoor,Male,21,Lucknow,4,"?3,566.42",?711.13,891.605,High Value,,,,
CUST0574,Rahul Singh,Female,41,Hyderabad,5,"?2,203.67",?266.38,440.734,High Value,,,,
CUST0544,Rahul Mehta,Male,58,Bengaluru,3,?398.44,?63.77,132.8133333,Low Value,,,,
CUST0200,Pooja Joshi,Female,25,Mumbai,5,"?1,638.68",?227.72,327.736,High Value,,,,
CUST0503,Priya Singh,Female,29,Delhi,6,"?2,763.79",?496.35,460.6316667,High Value,,,,
CUST0430,Manish Joshi,Female,49,Mumbai,8,"?3,960.23",?743.71,495.02875,High Value,,,,
CUST0624,Meera Iyer,Male,61,Delhi,2,"?1,614.37",?246.11,807.185,High Value,,,,
CUST0120,Karan Khan,Male,26,Delhi,2,?345.41,?55.27,172.705,Low Value,,,,
CUST0144,Neha Kapoor,Male,40,Jaipur,4,"?1,850.41",?307.97,462.6025,High Value,,,,
CUST0791,Arjun Patel,Female,29,Chennai,6,"?5,374.60",?593.39,895.7666667,High Value,,,,
CUST0213,Priya Khan,Female,63,Kolkata,6,"?3,968.36",?483.36,661.3933333,High Value,,,,
CUST0167,Riya Patel,Male,54,Hyderabad,6,"?1,487.33",?203.48,247.8883333,High Value,,,,
CUST0170,Aditya Joshi,Male,54,Mumbai,5,"?3,250.49",?536.49,650.098,High Value,,,,
CUST0083,Sneha Nair,Male,40,Jaipur,5,"?2,495.50",?397.95,499.1,High Value,,,,
CUST0702,Rohan Verma,Male,53,Kolkata,3,"?1,665.65",?230.21,555.2166667,High Value,,,,
CUST0626,Anjali Khan,Male,50,Kolkata,2,"?2,311.40",?259.45,1155.7,High Value,,,,
CUST0168,Riya Joshi,Female,39,Delhi,7,"?2,010.13",?206.79,287.1614286,High Value,,,,
CUST0619,Isha Verma,Female,38,Bengaluru,3,"?1,370.69",?233.04,456.8966667,High Value,,,,
CUST0805,Manish Reddy,Male,62,Lucknow,4,"?2,657.70",?521.62,664.425,High Value,,,,
CUST0008,Karan Singh,Male,31,Chennai,8,"?3,748.21",?547.94,468.52625,High Value,,,,
CUST0611,Rahul Malhotra,Female,59,Pune,3,?571.12,?87.02,190.3733333,Medium Value,,,,
CUST0354,Manish Reddy,Male,45,Pune,4,"?3,057.34",?370.43,764.335,High Value,,,,
CUST0335,Meera Malhotra,Male,39,Pune,4,"?1,729.05",?201.59,432.2625,High Value,,,,
CUST0779,Anjali Reddy,Female,28,Pune,4,"?1,468.32",?179.03,367.08,High Value,,,,
CUST0746,Nikhil Khan,Female,35,Delhi,5,"?6,816.63",?790.50,1363.326,High Value,,,,
CUST0034,Anjali Shah,Male,56,Chennai,10,"?4,491.05",?707.47,449.105,High Value,,,,
CUST0766,Aditya Malhotra,Male,29,Lucknow,7,"?1,359.16",?182.82,194.1657143,High Value,,,,
CUST0700,Sneha Das,Male,20,Mumbai,7,"?2,453.79",?363.13,350.5414286,High Value,,,,
CUST0566,Kavya Gupta,Male,39,Lucknow,5,"?3,135.68",?369.46,627.136,High Value,,,,
CUST0484,Rahul Singh,Female,33,Ahmedabad,6,"?3,062.11",?539.41,510.3516667,High Value,,,,
CUST0767,Karan Reddy,Male,58,Lucknow,6,"?3,946.82",?647.86,657.8033333,High Value,,,,
CUST0981,Isha Singh,Male,37,Chennai,2,"?1,463.32",?189.41,731.66,High Value,,,,
CUST0902,Nikhil Shah,Male,45,Bengaluru,8,"?3,480.10",?498.39,435.0125,High Value,,,,
CUST0650,Riya Verma,Female,58,Kolkata,2,?306.55,?41.77,153.275,Low Value,,,,
CUST0598,Aditya Patel,Female,56,Ahmedabad,5,"?4,073.15",?835.90,814.63,High Value,,,,
CUST0180,Amit Nair,Male,34,Lucknow,9,"?2,854.31",?467.22,317.1455556,High Value,,,,
CUST0230,Anjali Patel,Female,40,Lucknow,3,"?2,818.18",?422.78,939.3933333,High Value,,,,
CUST0604,Isha Iyer,Male,46,Chennai,1,"?2,285.60",?452.23,2285.6,High Value,,,,
CUST0235,Rahul Malhotra,Female,35,Mumbai,7,"?5,413.41",?848.89,773.3442857,High Value,,,,
CUST0853,Priya Malhotra,Male,48,Bengaluru,3,?923.64,?141.00,307.88,Medium Value,,,,
CUST0741,Meera Iyer,Male,59,Hyderabad,3,?782.65,?122.58,260.8833333,Medium Value,,,,
CUST0794,Arjun Iyer,Male,27,Pune,4,"?1,650.30",?230.10,412.575,High Value,,,,
CUST0095,Nikhil Patel,Female,54,Bengaluru,5,"?2,876.63",?517.90,575.326,High Value,,,,
CUST0546,Nikhil Joshi,Female,21,Lucknow,3,"?1,637.82",?220.57,545.94,High Value,,,,
CUST0194,Pooja Nair,Female,53,Mumbai,5,"?3,887.13",?411.98,777.426,High Value,,,,
CUST0028,Manish Shah,Female,53,Mumbai,6,"?3,659.51",?616.55,609.9183333,High Value,,,,
CUST0051,Neha Gupta,Male,30,Jaipur,3,"?1,424.24",?262.06,474.7466667,High Value,,,,
CUST0262,Rahul Sharma,Female,33,Delhi,8,"?2,745.65",?401.61,343.20625,High Value,,,,
CUST0047,Sahil Joshi,Male,48,Kolkata,7,"?3,800.80",?502.30,542.9714286,High Value,,,,
CUST0381,Simran Mehta,Female,65,Ahmedabad,5,"?3,284.44",?377.46,656.888,High Value,,,,
CUST0138,Sneha Verma,Female,60,Pune,5,"?1,741.87",?274.19,348.374,High Value,,,,
CUST0129,Manish Reddy,Male,57,Jaipur,4,"?2,017.17",?296.59,504.2925,High Value,,,,
CUST0735,Amit Gupta,Female,26,Pune,6,"?3,414.07",?561.96,569.0116667,High Value,,,,
CUST0856,Karan Mehta,Female,27,Chennai,2,?417.60,?76.34,208.8,Low Value,,,,
CUST0187,Meera Singh,Male,23,Bengaluru,7,"?2,727.32",?476.41,389.6171429,High Value,,,,
CUST0539,Vikram Khan,Male,42,Lucknow,8,"?4,294.54",?571.09,536.8175,High Value,,,,
CUST0806,Sahil Shah,Female,25,Kolkata,4,"?1,927.55",?268.78,481.8875,High Value,,,,
CUST0211,Isha Mehta,Female,38,Bengaluru,9,"?7,421.71","?1,178.59",824.6344444,High Value,,,,
CUST0039,Arjun Shah,Female,31,Jaipur,5,?956.74,?118.01,191.348,Medium Value,,,,
CUST0368,Rahul Iyer,Female,33,Lucknow,5,"?1,407.94",?209.02,281.588,High Value,,,,
CUST0800,Anjali Verma,Male,30,Delhi,3,"?3,122.48",?477.90,1040.826667,High Value,,,,
CUST0584,Simran Singh,Male,64,Ahmedabad,5,"?1,789.50",?293.16,357.9,High Value,,,,
CUST0159,Simran Joshi,Female,45,Jaipur,1,?256.04,?31.16,256.04,Low Value,,,,
CUST0595,Manish Kapoor,Female,62,Pune,6,"?5,720.16",?933.07,953.36,High Value,,,,
CUST0330,Nikhil Nair,Male,20,Bengaluru,6,"?1,637.87",?221.78,272.9783333,High Value,,,,
CUST0097,Isha Nair,Male,41,Kolkata,7,"?5,358.63",?965.57,765.5185714,High Value,,,,
CUST0348,Sneha Shah,Male,37,Ahmedabad,6,"?3,206.06",?602.99,534.3433333,High Value,,,,
CUST0314,Karan Gupta,Female,28,Pune,3,?896.00,?172.04,298.6666667,Medium Value,,,,
CUST0638,Arjun Kapoor,Female,52,Mumbai,5,"?1,164.09",?169.68,232.818,High Value,,,,
CUST0943,Neha Iyer,Male,65,Jaipur,2,"?1,354.00",?271.70,677,High Value,,,,
CUST0814,Rahul Khan,Female,37,Hyderabad,3,?450.06,?70.93,150.02,Low Value,,,,
CUST0395,Arjun Gupta,Male,19,Delhi,6,"?4,459.08",?650.01,743.18,High Value,,,,
CUST0844,Kavya Mehta,Female,65,Mumbai,4,"?4,905.24","?1,000.26",1226.31,High Value,,,,
CUST0295,Rahul Patel,Male,42,Kolkata,4,"?2,220.39",?237.34,555.0975,High Value,,,,
CUST0628,Kavya Verma,Female,58,Jaipur,5,"?3,835.47",?498.08,767.094,High Value,,,,
CUST0556,Isha Joshi,Male,58,Mumbai,3,"?1,323.74",?208.56,441.2466667,High Value,,,,
CUST0788,Meera Joshi,Male,24,Mumbai,5,"?1,421.51",?161.48,284.302,High Value,,,,
CUST0347,Manish Iyer,Female,65,Ahmedabad,4,"?2,751.74",?410.54,687.935,High Value,,,,
CUST0426,Neha Singh,Female,33,Delhi,5,"?1,248.08",?223.09,249.616,High Value,,,,
CUST0707,Pooja Kapoor,Female,38,Pune,6,"?1,779.23",?242.71,296.5383333,High Value,,,,
CUST0954,Karan Iyer,Male,58,Lucknow,2,?562.50,?116.32,281.25,Medium Value,,,,
CUST0353,Neha Singh,Male,28,Hyderabad,5,"?3,909.37",?596.27,781.874,High Value,,,,
CUST0729,Nikhil Sharma,Female,34,Delhi,4,"?1,335.02",?134.27,333.755,High Value,,,,
CUST0174,Pooja Malhotra,Female,37,Lucknow,5,"?1,391.32",?295.69,278.264,High Value,,,,
CUST0037,Amit Das,Female,22,Jaipur,2,"?1,842.48",?354.53,921.24,High Value,,,,
CUST0725,Vikram Joshi,Female,47,Hyderabad,5,"?2,423.95",?243.79,484.79,High Value,,,,
CUST0094,Kavya Khan,Female,45,Lucknow,6,"?1,143.53",?139.53,190.5883333,High Value,,,,
CUST0691,Neha Joshi,Male,37,Delhi,5,"?2,186.65",?280.02,437.33,High Value,,,,
CUST0512,Amit Patel,Male,46,Lucknow,6,"?2,731.13",?556.63,455.1883333,High Value,,,,
CUST0446,Nikhil Malhotra,Female,63,Lucknow,8,"?2,865.05",?423.13,358.13125,High Value,,,,
CUST0440,Karan Shah,Female,27,Bengaluru,2,"?1,926.74",?186.07,963.37,High Value,,,,
CUST0995,Kavya Singh,Female,26,Chennai,7,"?2,626.70",?469.63,375.2428571,High Value,,,,
CUST0576,Manish Shah,Female,24,Mumbai,5,"?2,669.43",?472.98,533.886,High Value,,,,
CUST0268,Karan Sharma,Male,34,Mumbai,4,"?1,762.83",?348.12,440.7075,High Value,,,,
CUST0978,Meera Patel,Female,46,Kolkata,3,?748.00,?109.00,249.3333333,Medium Value,,,,
CUST0991,Neha Singh,Male,30,Chennai,2,"?1,000.66",?159.54,500.33,High Value,,,,
CUST0942,Vikram Kapoor,Male,40,Ahmedabad,5,"?1,619.88",?217.04,323.976,High Value,,,,
CUST0891,Anjali Khan,Female,46,Lucknow,5,"?1,836.49",?281.84,367.298,High Value,,,,
CUST0737,Anjali Reddy,Female,64,Kolkata,8,"?4,301.75",?747.28,537.71875,High Value,,,,
CUST0554,Sahil Gupta,Male,37,Pune,5,"?1,644.95",?282.90,328.99,High Value,,,,
CUST0382,Aditya Khan,Male,49,Ahmedabad,4,"?1,764.98",?321.76,441.245,High Value,,,,
CUST0941,Arjun Verma,Male,62,Hyderabad,10,"?10,137.92","?1,734.12",1013.792,High Value,,,,
CUST0836,Arjun Gupta,Female,37,Jaipur,7,"?4,001.36",?776.63,571.6228571,High Value,,,,
CUST0043,Isha Gupta,Male,18,Pune,7,"?3,424.40",?457.98,489.2,High Value,,,,
CUST0758,Karan Sharma,Male,27,Lucknow,7,"?4,002.64",?659.88,571.8057143,High Value,,,,
CUST0960,Meera Shah,Female,53,Mumbai,3,"?1,084.40",?144.39,361.4666667,High Value,,,,
CUST0214,Aditya Nair,Male,49,Mumbai,6,"?2,091.04",?347.72,348.5066667,High Value,,,,
CUST0696,Arjun Shah,Male,34,Lucknow,7,"?4,392.78",?781.81,627.54,High Value,,,,
CUST0085,Anjali Reddy,Female,19,Delhi,8,"?1,668.07",?268.34,208.50875,High Value,,,,
CUST0398,Vikram Iyer,Female,62,Ahmedabad,7,"?3,560.55",?541.07,508.65,High Value,,,,
CUST0924,Priya Reddy,Male,46,Ahmedabad,6,"?3,440.49",?621.02,573.415,High Value,,,,
CUST0726,Neha Patel,Male,61,Hyderabad,5,"?2,207.62",?299.64,441.524,High Value,,,,
CUST0137,Vikram Malhotra,Male,57,Delhi,2,?742.67,?143.14,371.335,Medium Value,,,,
CUST0821,Aditya Verma,Male,29,Bengaluru,6,"?1,986.41",?334.92,331.0683333,High Value,,,,
CUST0490,Riya Verma,Female,65,Lucknow,4,"?1,810.65",?311.63,452.6625,High Value,,,,
CUST0526,Manish Malhotra,Female,23,Jaipur,1,?359.40,?79.97,359.4,Low Value,,,,
CUST0613,Isha Verma,Female,53,Kolkata,4,"?1,455.52",?291.99,363.88,High Value,,,,
CUST0742,Riya Mehta,Female,21,Pune,3,"?1,048.61",?130.52,349.5366667,High Value,,,,
CUST0371,Priya Nair,Female,41,Hyderabad,6,"?3,291.21",?411.74,548.535,High Value,,,,
CUST0131,Rahul Patel,Female,26,Ahmedabad,6,"?1,505.54",?235.01,250.9233333,High Value,,,,
CUST0770,Amit Malhotra,Female,46,Mumbai,5,"?5,700.97",?661.32,1140.194,High Value,,,,
CUST0555,Priya Patel,Female,42,Kolkata,4,"?1,741.04",?250.14,435.26,High Value,,,,
CUST0464,Simran Reddy,Female,59,Hyderabad,4,"?1,139.45",?196.35,284.8625,High Value,,,,
CUST0934,Meera Das,Female,61,Chennai,3,"?2,780.69",?596.63,926.8966667,High Value,,,,
CUST0614,Manish Gupta,Female,58,Delhi,4,"?1,726.49",?272.11,431.6225,High Value,,,,
CUST0140,Simran Verma,Male,28,Hyderabad,7,?996.66,?167.43,142.38,Medium Value,,,,
CUST0736,Karan Patel,Male,47,Mumbai,4,"?2,722.13",?420.22,680.5325,High Value,,,,
CUST0926,Nikhil Das,Male,53,Kolkata,4,"?3,077.80",?325.24,769.45,High Value,,,,
CUST0477,Manish Nair,Female,26,Jaipur,4,"?1,661.83",?319.00,415.4575,High Value,,,,
CUST0938,Pooja Reddy,Female,18,Jaipur,4,"?3,297.80",?619.37,824.45,High Value,,,,
CUST0797,Kavya Shah,Female,54,Bengaluru,2,?288.53,?40.50,144.265,Low Value,,,,
CUST0927,Sahil Joshi,Male,62,Lucknow,4,"?2,291.90",?386.78,572.975,High Value,,,,
CUST0581,Anjali Verma,Female,37,Hyderabad,3,"?2,299.56",?281.38,766.52,High Value,,,,
CUST0603,Neha Singh,Male,50,Jaipur,6,"?3,019.00",?451.02,503.1666667,High Value,,,,
CUST0053,Manish Gupta,Male,46,Jaipur,6,"?1,831.33",?281.87,305.2216667,High Value,,,,
CUST0099,Neha Das,Female,50,Hyderabad,3,"?1,583.06",?229.94,527.6866667,High Value,,,,
CUST0192,Simran Mehta,Female,38,Pune,4,"?1,505.33",?270.74,376.3325,High Value,,,,
CUST0044,Priya Gupta,Male,20,Chennai,4,"?1,157.38",?169.47,289.345,High Value,,,,
CUST0003,Amit Iyer,Female,20,Mumbai,3,"?1,566.74",?146.47,522.2466667,High Value,,,,
CUST0697,Amit Joshi,Female,50,Chennai,6,"?2,418.39",?303.01,403.065,High Value,,,,
CUST0202,Pooja Shah,Male,53,Kolkata,4,"?1,182.67",?189.23,295.6675,High Value,,,,
CUST0261,Manish Patel,Male,59,Lucknow,3,?900.79,?173.23,300.2633333,Medium Value,,,,
CUST0948,Sahil Shah,Male,64,Bengaluru,4,"?1,728.58",?230.84,432.145,High Value,,,,
CUST0218,Arjun Khan,Female,59,Pune,5,"?1,709.51",?285.56,341.902,High Value,,,,
CUST0301,Neha Khan,Female,25,Hyderabad,8,"?3,540.37",?546.94,442.54625,High Value,,,,
CUST0320,Sahil Joshi,Female,58,Chennai,6,"?1,344.79",?224.62,224.1316667,High Value,,,,
CUST0343,Nikhil Kapoor,Male,60,Chennai,6,"?2,804.93",?475.33,467.4883333,High Value,,,,
CUST0605,Aditya Joshi,Male,40,Mumbai,5,"?2,902.47",?459.02,580.494,High Value,,,,
CUST0458,Arjun Iyer,Female,30,Bengaluru,3,?532.35,?73.66,177.45,Medium Value,,,,
CUST0388,Meera Mehta,Female,58,Mumbai,7,"?4,656.20",?590.16,665.1714286,High Value,,,,
CUST0537,Sneha Das,Male,19,Hyderabad,2,?831.84,?156.88,415.92,Medium Value,,,,
CUST0311,Karan Verma,Female,62,Chennai,5,"?1,727.10",?257.45,345.42,High Value,,,,
CUST0686,Pooja Nair,Female,45,Kolkata,3,"?2,116.96",?333.07,705.6533333,High Value,,,,
CUST0442,Priya Sharma,Male,63,Chennai,6,"?3,224.46",?503.81,537.41,High Value,,,,
CUST0713,Rahul Khan,Male,60,Kolkata,6,"?3,793.36",?710.01,632.2266667,High Value,,,,
CUST0177,Anjali Shah,Male,28,Mumbai,6,"?3,249.83",?403.95,541.6383333,High Value,,,,
CUST0677,Meera Iyer,Female,62,Mumbai,4,"?1,622.30",?256.14,405.575,High Value,,,,
CUST0324,Manish Sharma,Male,41,Hyderabad,7,"?2,805.76",?388.79,400.8228571,High Value,,,,
CUST0247,Isha Khan,Male,43,Mumbai,9,"?4,386.87",?661.06,487.43,High Value,,,,
CUST0637,Riya Shah,Male,54,Pune,4,"?2,224.78",?289.35,556.195,High Value,,,,
CUST0855,Kavya Sharma,Male,26,Bengaluru,4,"?1,450.15",?242.12,362.5375,High Value,,,,
CUST0634,Riya Verma,Male,54,Mumbai,3,?602.80,?98.82,200.9333333,Medium Value,,,,
CUST0939,Neha Sharma,Female,27,Mumbai,7,"?3,757.21",?767.50,536.7442857,High Value,,,,
CUST0690,Sneha Sharma,Male,23,Kolkata,6,"?5,858.31",?723.53,976.385,High Value,,,,
CUST0210,Isha Joshi,Female,39,Jaipur,8,"?3,971.69",?522.07,496.46125,High Value,,,,
CUST0660,Manish Sharma,Female,30,Delhi,1,?363.24,?73.66,363.24,Low Value,,,,
CUST0564,Isha Khan,Female,65,Delhi,10,"?2,929.22",?452.19,292.922,High Value,,,,
CUST0119,Amit Das,Female,33,Hyderabad,3,?949.52,?167.33,316.5066667,Medium Value,,,,
CUST0351,Meera Verma,Female,21,Ahmedabad,4,?702.59,?124.55,175.6475,Medium Value,,,,
CUST0778,Karan Singh,Male,22,Chennai,2,"?2,047.35",?227.15,1023.675,High Value,,,,
CUST0658,Karan Reddy,Male,20,Pune,5,"?3,979.20",?586.45,795.84,High Value,,,,
CUST0625,Karan Patel,Male,37,Pune,3,"?2,762.52",?307.09,920.84,High Value,,,,
CUST0864,Nikhil Gupta,Male,61,Mumbai,5,"?3,382.80",?439.22,676.56,High Value,,,,
CUST0454,Vikram Mehta,Female,65,Mumbai,3,"?3,630.80",?500.82,1210.266667,High Value,,,,
CUST0818,Vikram Reddy,Female,65,Ahmedabad,2,?702.84,?129.28,351.42,Medium Value,,,,
CUST0459,Arjun Shah,Female,32,Hyderabad,8,"?1,455.65",?194.62,181.95625,High Value,,,,
CUST0449,Meera Joshi,Female,59,Lucknow,5,"?2,205.70",?293.57,441.14,High Value,,,,
CUST0898,Aditya Kapoor,Female,57,Mumbai,2,?201.68,?36.44,100.84,Low Value,,,,
CUST0413,Sneha Khan,Female,23,Hyderabad,7,"?3,899.15",?709.91,557.0214286,High Value,,,,
CUST0922,Vikram Patel,Female,31,Ahmedabad,3,?626.14,?107.25,208.7133333,Medium Value,,,,
CUST0075,Karan Gupta,Female,50,Ahmedabad,3,"?1,061.77",?131.65,353.9233333,High Value,,,,
CUST0571,Pooja Kapoor,Male,63,Pune,2,?506.86,?77.06,253.43,Medium Value,,,,
CUST0709,Pooja Iyer,Female,65,Lucknow,5,"?1,086.60",?168.78,217.32,High Value,,,,
CUST0567,Meera Iyer,Female,38,Mumbai,2,?174.44,?32.27,87.22,Low Value,,,,
CUST0518,Arjun Sharma,Male,58,Kolkata,3,"?1,783.65",?265.99,594.55,High Value,,,,
CUST0333,Priya Kapoor,Female,22,Chennai,5,"?2,297.32",?260.94,459.464,High Value,,,,
CUST0596,Kavya Nair,Female,26,Hyderabad,3,"?1,249.73",?159.58,416.5766667,High Value,,,,
CUST0110,Manish Mehta,Male,63,Kolkata,4,"?1,589.71",?281.12,397.4275,High Value,,,,
CUST0468,Nikhil Gupta,Male,21,Pune,5,"?2,682.52",?241.41,536.504,High Value,,,,
CUST0341,Karan Kapoor,Female,30,Bengaluru,5,"?4,139.09",?636.88,827.818,High Value,,,,
CUST0982,Rahul Shah,Male,25,Mumbai,5,"?1,800.82",?276.57,360.164,High Value,,,,
CUST0900,Manish Sharma,Male,34,Chennai,3,"?1,079.65",?164.78,359.8833333,High Value,,,,
CUST0591,Sahil Kapoor,Male,38,Kolkata,5,"?2,831.47",?376.98,566.294,High Value,,,,
CUST0915,Priya Malhotra,Male,47,Chennai,1,?950.40,?88.57,950.4,Medium Value,,,,
CUST0057,Rahul Mehta,Female,47,Hyderabad,5,"?4,105.55",?604.91,821.11,High Value,,,,
CUST0835,Kavya Reddy,Female,40,Ahmedabad,4,"?2,583.50",?363.14,645.875,High Value,,,,
CUST0768,Neha Reddy,Female,27,Chennai,4,"?2,091.74",?310.82,522.935,High Value,,,,
CUST0024,Kavya Reddy,Female,41,Bengaluru,6,"?2,821.60",?551.14,470.2666667,High Value,,,,
CUST0578,Karan Malhotra,Female,18,Hyderabad,4,"?2,043.08",?317.01,510.77,High Value,,,,
CUST0597,Sneha Singh,Male,63,Kolkata,2,?411.32,?65.35,205.66,Low Value,,,,
CUST0749,Sahil Gupta,Male,24,Bengaluru,4,"?2,763.36",?352.74,690.84,High Value,,,,
CUST0045,Amit Shah,Male,35,Ahmedabad,5,"?1,887.49",?308.97,377.498,High Value,,,,
CUST0434,Rahul Malhotra,Male,45,Delhi,7,"?1,759.53",?230.32,251.3614286,High Value,,,,
CUST0907,Karan Singh,Male,50,Bengaluru,4,"?3,599.33",?715.92,899.8325,High Value,,,,
CUST0560,Amit Nair,Female,52,Lucknow,3,?728.48,?110.23,242.8266667,Medium Value,,,,
CUST0678,Pooja Gupta,Male,65,Kolkata,4,"?2,190.25",?419.04,547.5625,High Value,,,,
CUST0932,Kavya Iyer,Female,62,Jaipur,4,"?1,085.38",?211.02,271.345,High Value,,,,
CUST0060,Priya Das,Female,21,Mumbai,6,"?2,178.96",?318.26,363.16,High Value,,,,
CUST0551,Neha Shah,Male,33,Bengaluru,3,?544.64,?110.42,181.5466667,Medium Value,,,,
CUST0896,Priya Malhotra,Male,24,Kolkata,7,"?3,888.52",?611.66,555.5028571,High Value,,,,
CUST0457,Manish Reddy,Female,52,Chennai,4,"?2,657.19",?408.77,664.2975,High Value,,,,
CUST0789,Vikram Verma,Female,23,Ahmedabad,2,"?1,858.36",?314.90,929.18,High Value,,,,
CUST0502,Amit Shah,Male,22,Ahmedabad,3,"?2,028.71",?374.18,676.2366667,High Value,,,,
CUST0065,Kavya Nair,Female,34,Bengaluru,4,"?2,303.79",?222.75,575.9475,High Value,,,,
CUST0297,Karan Kapoor,Male,21,Delhi,4,?864.06,?132.91,216.015,Medium Value,,,,
CUST0021,Amit Gupta,Female,31,Ahmedabad,7,"?1,852.45",?248.42,264.6357143,High Value,,,,
CUST0014,Sneha Malhotra,Male,42,Hyderabad,3,"?1,683.68",?218.05,561.2266667,High Value,,,,
CUST0032,Nikhil Reddy,Male,58,Hyderabad,2,?803.74,?159.39,401.87,Medium Value,,,,
CUST0304,Pooja Gupta,Male,34,Hyderabad,4,?783.44,?113.32,195.86,Medium Value,,,,
CUST0149,Riya Joshi,Female,64,Lucknow,3,?814.30,?96.58,271.4333333,Medium Value,,,,
CUST0273,Priya Joshi,Female,45,Pune,3,?652.99,?80.91,217.6633333,Medium Value,,,,
CUST0851,Kavya Kapoor,Female,41,Hyderabad,5,"?1,678.57",?229.81,335.714,High Value,,,,
CUST0233,Riya Patel,Male,42,Lucknow,5,"?2,120.00",?345.60,424,High Value,,,,
CUST0983,Rahul Iyer,Female,52,Jaipur,6,"?2,569.77",?501.13,428.295,High Value,,,,
CUST0049,Simran Mehta,Female,47,Mumbai,2,?981.34,?196.86,490.67,Medium Value,,,,
CUST0098,Amit Nair,Female,57,Chennai,2,?444.11,?83.20,222.055,Low Value,,,,
CUST0162,Karan Patel,Male,30,Bengaluru,7,"?3,458.55",?735.85,494.0785714,High Value,,,,
CUST0990,Riya Khan,Female,26,Bengaluru,5,"?1,433.44",?159.04,286.688,High Value,,,,
CUST0222,Neha Joshi,Male,62,Hyderabad,3,?429.83,?67.71,143.2766667,Low Value,,,,
CUST0076,Arjun Reddy,Male,23,Kolkata,3,"?2,433.40",?278.54,811.1333333,High Value,,,,
CUST0481,Vikram Verma,Female,45,Jaipur,2,?380.52,?66.31,190.26,Low Value,,,,
CUST0738,Riya Sharma,Female,61,Kolkata,6,?984.28,?186.43,164.0466667,Medium Value,,,,
CUST0374,Simran Shah,Female,59,Delhi,4,"?2,106.35",?376.50,526.5875,High Value,,,,
CUST0667,Karan Malhotra,Male,45,Delhi,4,"?1,934.61",?351.78,483.6525,High Value,,,,
CUST0372,Rahul Khan,Male,40,Bengaluru,1,?761.22,?139.49,761.22,Medium Value,,,,
CUST0436,Priya Mehta,Male,54,Jaipur,5,"?2,466.82",?471.18,493.364,High Value,,,,
CUST0946,Isha Sharma,Male,65,Hyderabad,7,"?5,002.05",?741.14,714.5785714,High Value,,,,
CUST0876,Aditya Patel,Female,48,Delhi,2,"?1,685.08",?332.34,842.54,High Value,,,,
CUST0062,Amit Malhotra,Male,22,Lucknow,3,?579.50,?68.44,193.1666667,Medium Value,,,,
CUST0414,Vikram Nair,Female,26,Hyderabad,3,"?2,847.20",?394.28,949.0666667,High Value,,,,
CUST0317,Sneha Patel,Male,34,Bengaluru,3,"?2,417.92",?265.63,805.9733333,High Value,,,,
CUST0558,Sahil Malhotra,Male,51,Mumbai,4,"?2,707.74",?355.99,676.935,High Value,,,,
CUST0141,Neha Iyer,Male,37,Lucknow,5,"?4,088.36",?482.23,817.672,High Value,,,,
CUST0176,Arjun Nair,Male,28,Bengaluru,3,"?1,269.34",?232.88,423.1133333,High Value,,,,
CUST0879,Rohan Mehta,Male,50,Lucknow,4,"?1,969.47",?317.05,492.3675,High Value,,,,
CUST0869,Karan Reddy,Female,40,Bengaluru,6,"?1,813.00",?295.03,302.1666667,High Value,,,,
CUST0933,Karan Das,Male,30,Bengaluru,5,"?2,363.45",?315.15,472.69,High Value,,,,
CUST0734,Sahil Iyer,Female,22,Mumbai,2,?249.76,?44.73,124.88,Low Value,,,,
CUST0873,Priya Mehta,Female,52,Lucknow,2,?652.79,?126.13,326.395,Medium Value,,,,
CUST0916,Isha Kapoor,Female,63,Chennai,6,"?2,835.58",?532.28,472.5966667,High Value,,,,
CUST0654,Amit Das,Female,58,Chennai,3,"?1,103.09",?151.07,367.6966667,High Value,,,,
CUST0260,Priya Mehta,Female,30,Pune,6,"?3,805.19",?607.28,634.1983333,High Value,,,,
CUST0644,Priya Iyer,Female,52,Hyderabad,4,"?3,214.84",?359.94,803.71,High Value,,,,
CUST0019,Sneha Nair,Female,21,Bengaluru,2,?774.69,?114.50,387.345,Medium Value,,,,
CUST0599,Sahil Mehta,Female,52,Mumbai,7,"?3,395.51",?455.59,485.0728571,High Value,,,,
CUST0543,Priya Shah,Male,22,Mumbai,3,"?2,364.99",?456.90,788.33,High Value,,,,
CUST0832,Rahul Joshi,Male,59,Delhi,6,"?2,265.22",?344.65,377.5366667,High Value,,,,
CUST0291,Meera Nair,Male,56,Hyderabad,3,?491.77,?86.92,163.9233333,Low Value,,,,
CUST0609,Simran Joshi,Male,46,Ahmedabad,5,"?3,448.38",?643.65,689.676,High Value,,,,
CUST0522,Sneha Malhotra,Male,37,Delhi,6,"?3,232.32",?381.27,538.72,High Value,,,,
CUST0220,Isha Sharma,Male,33,Hyderabad,2,"?1,509.83",?238.97,754.915,High Value,,,,
CUST0659,Manish Sharma,Male,28,Ahmedabad,3,?585.05,?77.48,195.0166667,Medium Value,,,,
CUST0813,Priya Das,Female,35,Chennai,4,"?1,602.80",?264.84,400.7,High Value,,,,
CUST0979,Aditya Malhotra,Male,48,Delhi,4,"?2,852.15",?457.61,713.0375,High Value,,,,
CUST0580,Sneha Iyer,Male,61,Kolkata,2,?285.95,?41.80,142.975,Low Value,,,,
CUST0026,Neha Verma,Male,61,Kolkata,3,"?3,182.08",?563.90,1060.693333,High Value,,,,
CUST0618,Vikram Singh,Male,54,Pune,2,?218.85,?18.52,109.425,Low Value,,,,
CUST0246,Amit Verma,Male,61,Kolkata,2,"?1,034.40",?175.26,517.2,High Value,,,,
CUST0093,Sahil Singh,Male,24,Lucknow,1,?169.40,?14.22,169.4,Low Value,,,,
CUST0466,Isha Das,Female,26,Pune,3,?267.78,?54.03,89.26,Low Value,,,,
CUST0733,Vikram Malhotra,Female,41,Pune,3,"?1,670.11",?258.50,556.7033333,High Value,,,,
CUST0790,Neha Singh,Female,48,Ahmedabad,7,"?3,827.71",?598.36,546.8157143,High Value,,,,
CUST0871,Sneha Das,Male,31,Mumbai,3,?552.73,?76.73,184.2433333,Medium Value,,,,
CUST0816,Pooja Das,Female,38,Hyderabad,3,"?1,486.96",?148.22,495.6533333,High Value,,,,
CUST0258,Simran Gupta,Female,46,Bengaluru,6,"?1,954.08",?316.97,325.68,High Value,,,,
CUST0894,Arjun Malhotra,Female,62,Ahmedabad,5,"?1,317.64",?196.43,263.528,High Value,,,,
CUST0090,Vikram Mehta,Female,35,Pune,2,?249.35,?47.24,124.675,Low Value,,,,
CUST0020,Priya Kapoor,Female,43,Hyderabad,4,"?3,197.37",?385.67,799.3425,High Value,,,,
CUST0989,Arjun Patel,Male,64,Lucknow,2,"?1,753.18",?341.16,876.59,High Value,,,,
CUST0675,Simran Mehta,Female,26,Bengaluru,6,"?2,826.24",?504.87,471.04,High Value,,,,
CUST0795,Amit Nair,Female,52,Kolkata,4,"?2,498.43",?344.18,624.6075,High Value,,,,
CUST0310,Kavya Singh,Male,43,Mumbai,3,"?2,022.27",?428.83,674.09,High Value,,,,
CUST0651,Aditya Joshi,Male,58,Pune,1,?822.50,?99.78,822.5,Medium Value,,,,
CUST0980,Isha Gupta,Male,65,Kolkata,3,"?1,002.71",?125.38,334.2366667,High Value,,,,
CUST0463,Rohan Singh,Male,36,Pune,4,"?1,184.46",?212.12,296.115,High Value,,,,
CUST0237,Pooja Kapoor,Male,56,Chennai,1,?211.51,?34.79,211.51,Low Value,,,,
CUST0870,Anjali Reddy,Female,19,Bengaluru,4,"?1,072.24",?138.80,268.06,High Value,,,,
CUST0617,Kavya Mehta,Male,63,Bengaluru,3,"?1,925.42",?317.98,641.8066667,High Value,,,,
CUST0212,Sneha Iyer,Female,32,Kolkata,6,"?3,603.69",?458.42,600.615,High Value,,,,
CUST0885,Neha Malhotra,Female,27,Pune,3,"?1,612.49",?196.99,537.4966667,High Value,,,,
CUST0717,Simran Joshi,Male,55,Pune,4,"?4,006.15",?681.01,1001.5375,High Value,,,,
CUST0236,Sahil Malhotra,Male,56,Ahmedabad,3,?744.51,?91.54,248.17,Medium Value,,,,
CUST0545,Amit Das,Male,18,Bengaluru,3,"?1,188.85",?223.99,396.2833333,High Value,,,,
CUST0731,Sneha Patel,Female,24,Delhi,5,"?4,798.23",?794.98,959.646,High Value,,,,
CUST0606,Riya Patel,Female,44,Pune,1,?162.51,?35.09,162.51,Low Value,,,,
CUST0158,Sneha Mehta,Male,37,Lucknow,5,"?1,163.47",?152.70,232.694,High Value,,,,
CUST0627,Kavya Iyer,Male,54,Kolkata,2,?244.19,?31.11,122.095,Low Value,,,,
CUST0910,Amit Malhotra,Female,46,Chennai,6,"?2,509.69",?323.05,418.2816667,High Value,,,,
CUST0839,Riya Patel,Female,35,Chennai,3,?444.38,?79.39,148.1266667,Low Value,,,,
CUST0648,Rohan Das,Male,33,Delhi,7,"?2,114.82",?338.75,302.1171429,High Value,,,,
CUST0538,Isha Reddy,Female,36,Delhi,3,"?1,015.51",?203.07,338.5033333,High Value,,,,
CUST0227,Riya Reddy,Male,32,Ahmedabad,3,"?2,697.44",?283.43,899.1466667,High Value,,,,
CUST0897,Sahil Joshi,Female,29,Lucknow,4,"?2,052.64",?304.47,513.16,High Value,,,,
CUST0671,Amit Shah,Male,57,Delhi,3,"?1,056.56",?152.02,352.1866667,High Value,,,,
CUST0163,Riya Singh,Female,24,Bengaluru,2,?923.09,?119.68,461.545,Medium Value,,,,
CUST0653,Manish Joshi,Female,55,Mumbai,2,?621.24,?78.35,310.62,Medium Value,,,,
CUST0822,Vikram Malhotra,Male,33,Mumbai,1,?157.70,?32.56,157.7,Low Value,,,,
CUST0245,Pooja Das,Female,25,Ahmedabad,2,?875.12,?155.13,437.56,Medium Value,,,,
CUST0383,Simran Reddy,Female,23,Kolkata,3,"?1,912.35",?369.63,637.45,High Value,,,,
CUST0300,Manish Mehta,Female,31,Jaipur,4,"?2,290.92",?467.19,572.73,High Value,,,,
CUST0361,Rahul Reddy,Male,19,Hyderabad,2,"?1,702.26",?134.22,851.13,High Value,,,,
CUST0529,Isha Gupta,Female,31,Chennai,5,"?3,604.08",?559.39,720.816,High Value,,,,
CUST0290,Sahil Gupta,Female,53,Lucknow,5,"?3,431.58",?597.17,686.316,High Value,,,,
CUST0439,Neha Verma,Male,43,Chennai,4,"?2,004.93",?191.27,501.2325,High Value,,,,
CUST0549,Nikhil Das,Female,52,Hyderabad,2,?245.10,?40.39,122.55,Low Value,,,,
CUST0649,Karan Malhotra,Male,61,Kolkata,2,?248.20,?44.89,124.1,Low Value,,,,
CUST0739,Anjali Khan,Male,29,Hyderabad,3,?447.38,?79.07,149.1266667,Low Value,,,,
CUST0573,Aditya Khan,Female,24,Pune,3,?789.00,?116.31,263,Medium Value,,,,
CUST0845,Sahil Das,Male,39,Bengaluru,2,"?1,806.74",?312.66,903.37,High Value,,,,
CUST0928,Anjali Das,Male,24,Kolkata,2,?860.72,?141.49,430.36,Medium Value,,,,
CUST0250,Neha Nair,Male,48,Mumbai,2,?306.65,?52.35,153.325,Low Value,,,,
CUST0621,Nikhil Nair,Female,56,Kolkata,2,?265.65,?27.78,132.825,Low Value,,,,
CUST0412,Rohan Singh,Male,28,Chennai,4,?349.74,?61.41,87.435,Low Value,,,,
CUST0568,Arjun Kapoor,Female,49,Bengaluru,2,?773.70,?85.26,386.85,Medium Value,,,,
CUST0339,Amit Nair,Female,50,Chennai,2,?158.82,?20.68,79.41,Low Value,,,,
CUST0969,Kavya Malhotra,Male,31,Jaipur,2,"?1,430.10",?265.28,715.05,High Value,,,,
CUST0688,Pooja Patel,Male,27,Jaipur,2,?332.79,?51.21,166.395,Low Value,,,,
CUST0861,Kavya Nair,Female,43,Kolkata,4,?996.48,?170.29,249.12,Medium Value,,,,
CUST0680,Aditya Patel,Male,49,Lucknow,3,"?1,862.96",?322.50,620.9866667,High Value,,,,
CUST0908,Isha Nair,Female,43,Bengaluru,2,?239.92,?21.92,119.96,Low Value,,,,
CUST0996,Riya Joshi,Female,40,Hyderabad,5,"?2,999.18",?322.59,599.836,High Value,,,,
CUST0521,Pooja Mehta,Male,52,Ahmedabad,4,"?2,773.96",?542.11,693.49,High Value,,,,
CUST0365,Meera Joshi,Male,25,Ahmedabad,3,"?1,300.10",?179.65,433.3666667,High Value,,,,
CUST0006,Kavya Gupta,Female,55,Hyderabad,1,?388.98,?72.51,388.98,Low Value,,,,
CUST0143,Sneha Patel,Female,61,Lucknow,3,?538.08,?46.44,179.36,Medium Value,,,,
CUST0455,Rohan Shah,Male,53,Chennai,1,?142.90,?17.54,142.9,Low Value,,,,
CUST0963,Aditya Reddy,Male,42,Hyderabad,2,"?1,696.87",?322.57,848.435,High Value,,,,
CUST0145,Kavya Nair,Female,22,Jaipur,2,"?2,264.40",?198.84,1132.2,High Value,,,,
CUST0287,Pooja Khan,Male,54,Jaipur,2,"?1,219.35",?154.69,609.675,High Value,,,,
CUST0838,Simran Shah,Female,37,Pune,1,?481.70,?96.00,481.7,Low Value,,,,
CUST0397,Arjun Kapoor,Female,63,Ahmedabad,2,"?1,820.80",?201.39,910.4,High Value,,,,
CUST0563,Anjali Iyer,Male,54,Kolkata,1,?325.29,?79.64,325.29,Low Value,,,,
CUST0541,Riya Joshi,Male,64,Chennai,3,"?2,477.81",?288.46,825.9366667,High Value,,,,
CUST0831,Arjun Nair,Female,50,Mumbai,1,"?1,043.28",?240.36,1043.28,High Value,,,,
CUST0109,Priya Gupta,Female,57,Pune,3,"?1,770.32",?270.96,590.1066667,High Value,,,,
CUST0298,Anjali Kapoor,Male,61,Pune,4,"?1,829.18",?335.41,457.295,High Value,,,,
CUST0186,Meera Sharma,Female,65,Chennai,2,"?1,567.88",?301.59,783.94,High Value,,,,
CUST0812,Aditya Sharma,Female,39,Bengaluru,2,"?1,786.29",?192.07,893.145,High Value,,,,
CUST0561,Priya Verma,Female,19,Bengaluru,1,?904.50,?196.98,904.5,Medium Value,,,,
CUST0710,Sneha Joshi,Female,55,Ahmedabad,1,?205.51,?47.35,205.51,Low Value,,,,
CUST0988,Isha Patel,Female,60,Pune,1,"?1,327.40",?197.01,1327.4,High Value,,,,
CUST0375,Manish Das,Female,58,Delhi,1,"?1,909.18",?287.76,1909.18,High Value,,,,
CUST0641,Simran Malhotra,Male,46,Pune,2,"?1,095.80",?183.99,547.9,High Value,,,,
CUST0872,Sahil Shah,Male,25,Chennai,2,?947.94,?183.81,473.97,Medium Value,,,,
CUST0495,Rohan Verma,Female,51,Ahmedabad,2,?165.51,?16.20,82.755,Low Value,,,,
CUST0952,Sahil Malhotra,Female,18,Chennai,1,?124.18,?24.41,124.18,Low Value,,,,
CUST0765,Rohan Verma,Male,62,Lucknow,2,"?2,448.70",?484.94,1224.35,High Value,,,,
CUST0244,Arjun Malhotra,Male,34,Ahmedabad,2,?259.53,?37.87,129.765,Low Value,,,,
CUST0253,Kavya Patel,Male,20,Mumbai,2,?863.53,?119.24,431.765,Medium Value,,,,
CUST0837,Meera Mehta,Male,18,Jaipur,2,?251.35,?28.91,125.675,Low Value,,,,
CUST0467,Meera Das,Male,33,Mumbai,4,"?1,946.87",?336.51,486.7175,High Value,,,,
CUST0104,Sahil Iyer,Female,47,Ahmedabad,1,"?1,043.68",?211.75,1043.68,High Value,,,,
CUST0078,Arjun Verma,Female,53,Kolkata,1,?73.10,?14.03,73.1,Low Value,,,,
CUST0971,Rahul Joshi,Female,20,Pune,1,?410.56,?35.10,410.56,Low Value,,,,
CUST0406,Rohan Iyer,Male,22,Hyderabad,1,?381.42,?69.06,381.42,Low Value,,,,
,,,,,,,,,,,,,
,,,,,,,,,,,,,
,,,,,,,,,,,,,
