Customer_ID,First_Name,Last_Name,Age,Age Group,Gender,City,State,Account_Type,Account_Status,Account_Open_Date,Balance,Monthly_Income,Customer_Segment,Credit_Score,Loan_Status,Loan_Amount,Credit_Card,Insurance,Digital_Banking,Transaction_Count,Total_Transaction_Amount,Last_Transaction_Date
CUST001,Aditya,Joshi,15,Minor,Male,Aurangabad,Maharashtra,Savings Account,Dormant,02-02-2025,2157844,178417,Premium,Not Eligible,No Loan,0,No,No,Yes,3,5000,07-04-2025
CUST002,Arjun,Pandey,13,Minor,Male,Kolhapur,Maharashtra,Senior Citizen Savings,Active,22-06-2019,1472970,143841,Affluent,Not Eligible,No Loan,0,No,No,Yes,3,25095,05-08-2020
CUST003,Akash,Iyer,69,Senior Citizen,Male,Gurugram,Haryana,Savings Account,Active,13-02-2021,2253182,140381,Premium,719,No Loan,0,Yes,No,Yes,62,280736,18-01-2025
CUST004,Pallavi,Agarwal,75,Senior Citizen,Female,Surat,Gujarat,Savings Account,Inactive,06-01-2021,1678852,53040,Affluent,608,Active Loan,263117,Yes,No,Yes,31,252557,12-10-2023
CUST005,Diya,Saxena,62,Senior Citizen,Female,Thane,Maharashtra,Salary Account,Inactive,10-05-2018,35592,76735,Mass Market,507,Active Loan,643015,Yes,No,No,72,467568,02-01-2024
CUST006,Sneha,Rao,47,Adult,Female,Aurangabad,Maharashtra,Savings Account,Dormant,06-07-2021,867229,141413,Mass Market,616,No Loan,0,No,No,No,8,32568,27-12-2025
CUST007,Riya,Singh,57,Adult,Female,Kolhapur,Maharashtra,Current Account,Inactive,25-07-2019,1204748,10486,Affluent,676,Active Loan,723928,Yes,No,Yes,31,174747,10-07-2025
CUST008,Varun,Agarwal,46,Adult,Male,Nagpur,Maharashtra,Savings Account,Inactive,05-09-2022,331223,92480,Mass Market,688,Active Loan,142462,Yes,No,Yes,59,105728,06-08-2024
CUST009,Simran,Jain,75,Senior Citizen,Female,Nashik,Maharashtra,Savings Account,Inactive,24-06-2024,2498598,136027,Premium,612,No Loan,0,No,Yes,No,9,33786,31-07-2024
CUST010,Meera,Kulkarni,24,Adult,Female,Aurangabad,Maharashtra,Savings Account,Dormant,31-10-2019,1604601,119822,Affluent,812,Active Loan,596888,Yes,No,Yes,58,308096,02-09-2025
CUST011,Aditya,Yadav,38,Adult,Male,Mumbai,Maharashtra,Savings Account,Inactive,29-06-2019,671452,178542,Mass Market,731,No Loan,0,Yes,Yes,Yes,62,553970,29-04-2020
CUST012,Simran,Joshi,26,Adult,Female,Surat,Gujarat,Current Account,Dormant,16-12-2025,1719842,108226,Affluent,818,No Loan,0,Yes,Yes,Yes,34,252484,06-01-2026
CUST013,Aisha,Iyer,67,Senior Citizen,Female,Ahmedabad,Gujarat,Savings Account,Active,01-09-2020,688236,64315,Mass Market,549,Active Loan,472885,Yes,Yes,Yes,72,131976,26-11-2020
CUST014,Ananya,Chopra,55,Adult,Female,Delhi,Delhi,Savings Account,Active,18-07-2021,998193,59123,Mass Market,834,Active Loan,479624,No,No,Yes,41,20951,14-06-2024
CUST015,Tanya,Kulkarni,47,Adult,Female,Nagpur,Maharashtra,Savings Account,Dormant,19-07-2021,241529,140290,Mass Market,842,Active Loan,274183,Yes,Yes,Yes,55,411620,12-05-2023
CUST016,Diya,Singh,62,Senior Citizen,Female,Nashik,Maharashtra,Savings Account,Active,22-11-2021,1570867,58111,Affluent,517,No Loan,0,Yes,Yes,No,58,565326,30-07-2024
CUST017,Yash,Reddy,40,Adult,Male,Chennai,Tamil Nadu,Premium Savings,Dormant,04-06-2025,1847595,175893,Affluent,702,Active Loan,222663,No,Yes,Yes,10,54080,04-04-2026
CUST018,Rakesh,Shah,66,Senior Citizen,Male,Rajkot,Gujarat,Savings Account,Active,15-09-2022,608923,63853,Mass Market,676,Active Loan,499418,No,Yes,No,29,175740,03-02-2025
CUST019,Nisha,Desai,41,Adult,Female,Nagpur,Maharashtra,Savings Account,Dormant,30-12-2019,1725985,168125,Affluent,681,No Loan,0,No,No,Yes,23,210887,07-04-2022
CUST020,Riya,Naik,73,Senior Citizen,Female,Vadodara,Gujarat,Savings Account,Active,22-04-2022,53752,69874,Mass Market,692,No Loan,0,Yes,Yes,Yes,51,122451,22-01-2023
CUST021,Simran,Shah,65,Senior Citizen,Female,Pune,Maharashtra,Savings Account,Dormant,25-12-2025,1432102,159477,Affluent,580,Active Loan,600682,Yes,Yes,Yes,59,106318,29-07-2026
CUST022,Ishita,Menon,39,Adult,Female,Mumbai,Maharashtra,Savings Account,Active,01-03-2023,1240473,83158,Affluent,743,No Loan,0,Yes,No,No,78,426036,22-05-2024
CUST023,Tanya,Sharma,35,Adult,Male,Mumbai,Maharashtra,Savings Account,Dormant,26-02-2023,242258,83081,Mass Market,729,Active Loan,139497,No,Yes,Yes,27,206550,20-07-2025
CUST024,Vikram,Tiwari,35,Adult,Male,Kolkata,West Bengal,Salary Account,Inactive,16-02-2018,264024,163384,Mass Market,627,Active Loan,499983,Yes,Yes,Yes,92,409492,07-06-2020
CUST025,Rohit,Kapoor,40,Adult,Male,Jaipur,Rajasthan,Savings Account,Dormant,22-12-2025,1185579,184698,Affluent,766,Active Loan,593194,Yes,No,Yes,114,614118,22-04-2026
CUST026,Amit,Desai,63,Senior Citizen,Male,Aurangabad,Maharashtra,Current Account,Active,09-08-2021,2257895,46209,Premium,646,Active Loan,598459,Yes,Yes,Yes,20,62740,08-02-2026
CUST027,Ayush,Shetty,42,Adult,Male,Vadodara,Gujarat,Savings Account,Active,28-10-2018,221437,105047,Mass Market,831,Active Loan,589319,Yes,Yes,Yes,128,1124864,20-12-2022
CUST028,Nisha,Joshi,25,Adult,Female,Gurugram,Haryana,Current Account,Inactive,18-06-2021,784343,77538,Mass Market,845,Active Loan,501696,No,Yes,Yes,11,88957,29-08-2024
CUST029,Rohan,Kapoor,62,Senior Citizen,Male,Jaipur,Rajasthan,Savings Account,Inactive,26-10-2024,2353598,159584,Premium,534,No Loan,0,Yes,Yes,Yes,23,214222,10-12-2025
CUST030,Zoya,Malhotra,46,Adult,Female,Vadodara,Gujarat,Savings Account,Dormant,06-10-2021,240905,20152,Mass Market,640,Active Loan,384351,Yes,Yes,Yes,44,265452,31-07-2022
CUST031,Akash,Rao,35,Adult,Male,Nagpur,Maharashtra,Savings Account,Inactive,25-06-2024,1584787,10732,Affluent,757,No Loan,0,Yes,Yes,Yes,144,518544,09-06-2026
CUST032,Ishita,Agarwal,30,Adult,Female,Rajkot,Gujarat,Salary Account,Inactive,31-07-2019,2285706,66184,Premium,815,Active Loan,684903,Yes,No,Yes,100,202200,09-11-2020
CUST033,Shreya,Iyer,23,Adult,Female,Hyderabad,Telangana,Savings Account,Dormant,30-10-2020,1096917,181209,Affluent,789,Active Loan,594476,Yes,Yes,Yes,48,64176,25-12-2025
CUST034,Arjun,Tiwari,68,Senior Citizen,Male,Mumbai,Maharashtra,Salary Account,Active,10-05-2018,2256267,77537,Premium,650,Active Loan,428401,Yes,No,Yes,74,729418,19-12-2019
CUST035,Nikhil,Agarwal,26,Adult,Male,Surat,Gujarat,Savings Account,Inactive,20-12-2025,2367932,116999,Premium,603,Active Loan,748195,Yes,No,No,32,164128,16-07-2026
CUST036,Tanya,Khan,11,Minor,Female,Delhi,Delhi,Savings Account,Dormant,13-02-2025,1601328,48010,Affluent,Not Eligible,No Loan,0,No,No,No,10,39810,20-07-2025
CUST037,Shreya,Desai,42,Adult,Female,Bengaluru,Karnataka,Savings Account,Inactive,07-11-2021,406446,63838,Mass Market,764,No Loan,0,Yes,Yes,Yes,58,278516,16-06-2023
CUST038,Pallavi,Saxena,24,Adult,Female,Surat,Gujarat,Savings Account,Active,06-09-2019,2168145,156470,Premium,761,Active Loan,251864,Yes,Yes,Yes,136,1359320,18-10-2023
CUST039,Pallavi,Pillai,56,Adult,Female,Hyderabad,Telangana,Senior Citizen Savings,Active,17-08-2018,646583,145756,Mass Market,666,No Loan,0,No,Yes,Yes,7,38269,14-01-2023
CUST040,Sneha,Yadav,49,Adult,Female,Delhi,Delhi,Savings Account,Dormant,18-06-2024,2269961,125498,Premium,850,Active Loan,653758,No,No,Yes,13,71474,30-04-2026
CUST041,Zoya,Tiwari,44,Adult,Female,Gurugram,Haryana,Current Account,Inactive,08-01-2020,1795822,132902,Affluent,841,Active Loan,615626,Yes,No,No,24,208560,31-08-2023
CUST042,Yash,Kapoor,45,Adult,Male,Kolhapur,Maharashtra,Senior Citizen Savings,Active,09-11-2022,2365855,129158,Premium,780,Active Loan,297454,Yes,Yes,Yes,48,341808,18-05-2025
CUST043,Sahil,Khan,46,Adult,Male,Delhi,Delhi,Current Account,Active,17-06-2018,1662110,37463,Affluent,622,Active Loan,158574,Yes,Yes,Yes,62,210056,29-10-2023
CUST044,Varun,Iyer,46,Adult,Male,Jaipur,Rajasthan,Savings Account,Active,30-08-2023,1854977,59582,Affluent,692,No Loan,0,No,No,No,15,126105,30-05-2025
CUST045,Ayush,Pillai,44,Adult,Male,Gurugram,Haryana,Savings Account,Inactive,27-09-2025,1983661,111121,Affluent,832,Active Loan,653327,No,No,Yes,28,73360,19-01-2026
CUST046,Manish,Pandey,41,Adult,Female,Kolkata,West Bengal,Savings Account,Dormant,30-09-2019,2125219,161947,Premium,637,No Loan,0,Yes,Yes,Yes,65,567125,13-11-2020
CUST047,Neha,Iyer,48,Adult,Female,Nashik,Maharashtra,Savings Account,Dormant,10-07-2022,627060,147159,Mass Market,793,Active Loan,480131,Yes,No,Yes,109,126440,10-02-2026
CUST048,Nisha,Menon,33,Adult,Male,Nagpur,Maharashtra,Savings Account,Active,07-01-2022,922906,46461,Mass Market,763,Active Loan,385193,Yes,Yes,Yes,84,430416,07-12-2022
CUST049,Manish,Gandhi,52,Adult,Male,Vadodara,Gujarat,Savings Account,Active,11-03-2024,1186357,188360,Affluent,649,No Loan,0,Yes,No,No,67,248771,08-11-2025
CUST050,Arjun,Sharma,31,Adult,Female,Gurugram,Haryana,Savings Account,Dormant,06-03-2019,878855,191154,Mass Market,611,No Loan,0,No,No,Yes,34,114240,20-08-2023
CUST051,Tanya,Chauhan,30,Adult,Male,Bengaluru,Karnataka,Senior Citizen Savings,Inactive,04-01-2020,2239392,70212,Premium,742,Active Loan,172472,No,No,Yes,20,47720,05-04-2022
CUST052,Rohan,Singh,12,Minor,Female,Thane,Maharashtra,Senior Citizen Savings,Dormant,24-12-2021,2390112,163498,Premium,Not Eligible,No Loan,0,No,No,No,6,13326,03-06-2024
CUST053,Ishita,Rao,31,Adult,Female,Navi Mumbai,Maharashtra,Savings Account,Inactive,15-03-2019,521027,182680,Mass Market,716,Active Loan,363894,Yes,Yes,No,126,835758,19-10-2023
CUST054,Zoya,Tiwari,12,Minor,Male,Ahmedabad,Gujarat,Salary Account,Inactive,04-05-2022,22145,166325,Mass Market,Not Eligible,No Loan,0,No,No,Yes,8,60760,09-09-2023
CUST055,Arjun,Gandhi,65,Senior Citizen,Male,Kolkata,West Bengal,Savings Account,Active,11-08-2025,1437269,122056,Affluent,551,No Loan,0,No,No,No,13,93392,16-01-2026
CUST056,Neha,Yadav,31,Adult,Male,Surat,Gujarat,Savings Account,Inactive,06-12-2025,506427,36911,Mass Market,683,No Loan,0,Yes,No,Yes,53,77062,04-08-2026
CUST057,Akash,Desai,21,Adult,Female,Surat,Gujarat,Savings Account,Inactive,30-08-2021,1858746,195089,Affluent,613,No Loan,0,Yes,Yes,No,31,93465,05-04-2024
CUST058,Yash,Saxena,69,Senior Citizen,Male,Nagpur,Maharashtra,Current Account,Active,10-12-2021,866608,44015,Mass Market,726,Active Loan,135459,Yes,No,Yes,44,401896,20-05-2023
CUST059,Shreya,Patel,24,Adult,Male,Nagpur,Maharashtra,Savings Account,Active,25-12-2021,1464890,72631,Affluent,617,Active Loan,304464,Yes,No,Yes,119,647836,04-09-2025
CUST060,Rahul,Chauhan,61,Senior Citizen,Male,Bengaluru,Karnataka,Savings Account,Active,19-07-2025,693447,22778,Mass Market,675,Active Loan,291365,Yes,Yes,No,17,27982,07-08-2026
CUST061,Rakesh,Khan,45,Adult,Male,Bengaluru,Karnataka,Savings Account,Active,15-07-2022,1833233,102136,Affluent,604,Active Loan,682673,Yes,Yes,Yes,64,488640,30-07-2025
CUST062,Rahul,Yadav,58,Adult,Male,Noida,Uttar Pradesh,Premium Savings,Dormant,28-01-2024,1315385,17936,Affluent,829,No Loan,0,No,Yes,Yes,40,378360,03-12-2024
CUST063,Vikram,Agarwal,30,Adult,Male,Noida,Uttar Pradesh,Current Account,Dormant,05-08-2020,2472196,37814,Premium,805,Active Loan,554756,Yes,Yes,Yes,31,172701,20-06-2023
CUST064,Ayush,Tiwari,25,Adult,Male,Aurangabad,Maharashtra,Savings Account,Inactive,13-10-2018,1174451,77108,Affluent,809,No Loan,0,Yes,No,Yes,53,47541,22-09-2021
CUST065,Rakesh,Joshi,47,Adult,Female,Pune,Maharashtra,Savings Account,Dormant,24-07-2020,1147091,82029,Affluent,772,Active Loan,394006,No,Yes,No,21,60984,07-08-2021
CUST066,Aarav,Shah,49,Adult,Male,Aurangabad,Maharashtra,Savings Account,Active,25-09-2019,1110391,104804,Affluent,611,Active Loan,736384,Yes,No,Yes,93,616962,17-08-2022
CUST067,Tanya,Kulkarni,56,Adult,Female,Pune,Maharashtra,Savings Account,Dormant,19-10-2018,1608554,98134,Affluent,731,Active Loan,371035,Yes,Yes,No,91,728182,17-04-2021
CUST068,Arjun,Yadav,71,Senior Citizen,Male,Kolhapur,Maharashtra,Savings Account,Active,09-06-2024,401071,154746,Mass Market,717,Active Loan,584260,No,No,No,5,7395,14-07-2026
CUST069,Ishita,Menon,24,Adult,Female,Pune,Maharashtra,Savings Account,Dormant,03-03-2019,1796478,17395,Affluent,758,Active Loan,142397,Yes,Yes,Yes,67,267866,14-07-2024
CUST070,Aditya,Nair,66,Senior Citizen,Male,Nagpur,Maharashtra,Current Account,Inactive,23-04-2022,2366343,98011,Premium,608,Active Loan,107581,Yes,Yes,Yes,28,254604,01-02-2024
CUST071,Tanya,Malhotra,24,Adult,Female,Pune,Maharashtra,Premium Savings,Active,15-05-2024,2282496,37575,Premium,711,Active Loan,595091,Yes,Yes,Yes,148,344248,27-01-2026
CUST072,Kabir,Saxena,27,Adult,Female,Rajkot,Gujarat,Savings Account,Dormant,09-01-2018,1267082,59653,Affluent,761,Active Loan,268709,No,Yes,Yes,15,11895,21-02-2022
CUST073,Nisha,Sinha,56,Adult,Female,Navi Mumbai,Maharashtra,Savings Account,Dormant,09-01-2023,772291,143290,Mass Market,828,No Loan,0,No,Yes,Yes,42,407778,14-01-2023
CUST074,Sneha,Verma,18,Adult,Male,Chennai,Tamil Nadu,Savings Account,Inactive,30-01-2022,659587,101777,Mass Market,847,Active Loan,641641,Yes,No,Yes,120,97440,24-02-2025
CUST075,Rohit,Menon,20,Adult,Male,Kolhapur,Maharashtra,Savings Account,Dormant,20-10-2019,24548,28542,Mass Market,705,No Loan,0,Yes,Yes,Yes,90,147870,18-05-2024
CUST076,Amit,Desai,16,Minor,Female,Mumbai,Maharashtra,Savings Account,Active,26-04-2021,1207767,163104,Affluent,Not Eligible,No Loan,0,No,No,No,0,0,21-08-2022
CUST077,Rakesh,Pillai,73,Senior Citizen,Male,Bengaluru,Karnataka,Current Account,Inactive,26-08-2019,162297,154924,Mass Market,647,Active Loan,226416,No,Yes,Yes,30,174180,29-01-2021
CUST078,Ananya,Choudhary,31,Adult,Female,Navi Mumbai,Maharashtra,Savings Account,Active,05-04-2020,1485590,65719,Affluent,762,Active Loan,155665,Yes,Yes,Yes,112,535472,17-01-2025
CUST079,Amit,Shetty,65,Senior Citizen,Female,Ahmedabad,Gujarat,Savings Account,Active,26-03-2019,925958,153559,Mass Market,627,Active Loan,120533,Yes,No,No,43,143190,07-06-2019
CUST080,Nikhil,Chopra,36,Adult,Male,Kolhapur,Maharashtra,Savings Account,Inactive,26-02-2018,504480,97210,Mass Market,819,No Loan,0,Yes,Yes,Yes,27,100278,09-05-2026
CUST081,Vikram,Pillai,33,Adult,Female,Bengaluru,Karnataka,Salary Account,Inactive,09-01-2022,869758,6680,Mass Market,839,Active Loan,607741,No,No,Yes,9,79119,11-05-2025
CUST082,Nisha,Sinha,22,Adult,Female,Surat,Gujarat,Savings Account,Dormant,25-02-2018,1980357,169573,Affluent,682,Active Loan,164512,No,No,Yes,26,80834,25-03-2020
CUST083,Nisha,Verma,66,Senior Citizen,Male,Chennai,Tamil Nadu,Savings Account,Active,09-09-2024,1426044,94572,Affluent,768,No Loan,0,Yes,No,Yes,56,245952,28-07-2026
CUST084,Kabir,Jain,10,Minor,Male,Navi Mumbai,Maharashtra,Premium Savings,Active,24-08-2025,727999,146935,Mass Market,Not Eligible,No Loan,0,No,No,Yes,7,38521,16-10-2025
CUST085,Manish,Kulkarni,74,Senior Citizen,Female,Delhi,Delhi,Savings Account,Inactive,06-05-2025,286554,105984,Mass Market,589,Active Loan,285701,Yes,No,Yes,37,292152,13-12-2025
CUST086,Ananya,Naik,48,Adult,Female,Thane,Maharashtra,Current Account,Active,07-03-2019,1665664,147583,Affluent,794,Active Loan,121840,Yes,No,Yes,97,253170,07-02-2023
CUST087,Sneha,Desai,21,Adult,Female,Nagpur,Maharashtra,Salary Account,Active,08-12-2018,1484663,158415,Affluent,714,No Loan,0,Yes,No,Yes,35,189315,23-02-2023
CUST088,Aarav,Pillai,30,Adult,Female,Delhi,Delhi,Savings Account,Active,16-12-2025,183652,16146,Mass Market,846,Active Loan,706390,No,No,No,38,141132,20-01-2026
CUST089,Diya,Reddy,53,Adult,Female,Hyderabad,Telangana,Senior Citizen Savings,Inactive,23-04-2020,2494760,128399,Premium,622,Active Loan,294257,No,Yes,Yes,42,382074,20-12-2022
CUST090,Pallavi,Kulkarni,12,Minor,Male,Mumbai,Maharashtra,Savings Account,Active,07-06-2025,877716,60566,Mass Market,Not Eligible,No Loan,0,No,No,No,10,74800,15-06-2025
CUST091,Sahil,Shah,59,Adult,Female,Mumbai,Maharashtra,Savings Account,Inactive,03-10-2021,388341,31517,Mass Market,842,Active Loan,515546,No,Yes,Yes,31,71052,29-07-2023
CUST092,Nikhil,Pillai,12,Minor,Female,Nashik,Maharashtra,Senior Citizen Savings,Inactive,08-07-2024,2211662,52088,Premium,Not Eligible,No Loan,0,No,No,Yes,3,12249,10-03-2025
CUST093,Pooja,Menon,13,Minor,Female,Kolkata,West Bengal,Savings Account,Active,07-04-2023,2089879,56444,Premium,Not Eligible,No Loan,0,No,No,No,5,30205,18-08-2025
CUST094,Akash,Nair,66,Senior Citizen,Male,Pune,Maharashtra,Savings Account,Active,23-10-2018,220101,73500,Mass Market,538,No Loan,0,No,No,No,10,45290,05-08-2025
CUST095,Sneha,Yadav,71,Senior Citizen,Male,Pune,Maharashtra,Savings Account,Active,17-12-2020,1870305,143111,Affluent,834,Active Loan,539703,No,Yes,Yes,12,113808,02-08-2024
CUST096,Ayush,Bhat,20,Adult,Female,Rajkot,Gujarat,Senior Citizen Savings,Active,20-01-2020,1889719,35235,Affluent,703,Active Loan,453300,Yes,Yes,No,85,461380,02-01-2022
CUST097,Ayush,Bhat,28,Adult,Male,Delhi,Delhi,Savings Account,Active,18-06-2020,630878,37156,Mass Market,651,Active Loan,167643,Yes,No,No,112,158704,22-01-2025
CUST098,Amit,Gupta,33,Adult,Female,Navi Mumbai,Maharashtra,Savings Account,Active,30-09-2024,910045,94117,Mass Market,850,No Loan,0,Yes,No,Yes,20,66680,31-03-2025
CUST099,Rohan,Naik,70,Senior Citizen,Male,Aurangabad,Maharashtra,Savings Account,Active,21-06-2024,265811,145983,Mass Market,650,Active Loan,311972,Yes,Yes,No,11,97900,13-04-2026
CUST100,Priya,Reddy,67,Senior Citizen,Female,Noida,Uttar Pradesh,Savings Account,Active,07-09-2023,779924,40959,Mass Market,624,No Loan,0,No,Yes,Yes,4,33036,19-11-2024
CUST101,Manish,Mishra,49,Adult,Male,Bengaluru,Karnataka,Savings Account,Active,29-09-2021,2157961,61837,Premium,679,Active Loan,667321,Yes,Yes,Yes,144,171216,28-05-2023
CUST102,Vikram,Sharma,22,Adult,Male,Thane,Maharashtra,Savings Account,Dormant,06-12-2023,892598,49451,Mass Market,640,No Loan,0,Yes,Yes,Yes,24,165000,11-02-2025
CUST103,Pallavi,Agarwal,69,Senior Citizen,Female,Surat,Gujarat,Savings Account,Active,14-03-2023,1191541,157450,Affluent,826,Active Loan,430430,No,Yes,Yes,10,71390,13-06-2025
CUST104,Pooja,Patel,49,Adult,Female,Aurangabad,Maharashtra,Senior Citizen Savings,Active,25-03-2018,1944180,168430,Affluent,783,Active Loan,140663,Yes,No,Yes,40,271600,03-01-2024
CUST105,Yash,Gandhi,34,Adult,Male,Hyderabad,Telangana,Savings Account,Inactive,23-04-2019,837085,28076,Mass Market,715,No Loan,0,Yes,Yes,Yes,115,151800,17-08-2023
CUST106,Ayush,Iyer,34,Adult,Male,Noida,Uttar Pradesh,Savings Account,Inactive,26-03-2019,354151,199948,Mass Market,614,No Loan,0,Yes,Yes,No,101,653571,12-11-2024
CUST107,Aarav,Mishra,18,Adult,Male,Bengaluru,Karnataka,Savings Account,Active,30-07-2021,2479925,157038,Premium,702,No Loan,0,Yes,Yes,Yes,39,219960,11-08-2025
CUST108,Rohit,Tiwari,44,Adult,Male,Bengaluru,Karnataka,Current Account,Inactive,05-10-2022,2017838,124071,Premium,636,No Loan,0,Yes,Yes,No,115,130180,18-12-2023
CUST109,Zoya,Pandey,19,Adult,Female,Bengaluru,Karnataka,Savings Account,Active,24-11-2023,991574,174045,Mass Market,748,Active Loan,743084,Yes,No,No,67,145993,19-03-2025
CUST110,Shreya,Khan,45,Adult,Female,Rajkot,Gujarat,Savings Account,Active,03-12-2024,1517760,38385,Affluent,822,Active Loan,523340,Yes,Yes,Yes,43,97739,10-04-2025
CUST111,Shreya,Desai,37,Adult,Female,Surat,Gujarat,Savings Account,Active,03-12-2022,2030445,105211,Premium,766,Active Loan,465856,Yes,Yes,Yes,90,271260,15-08-2024
CUST112,Nisha,Jain,33,Adult,Female,Chennai,Tamil Nadu,Savings Account,Dormant,11-11-2024,1969152,103820,Affluent,849,No Loan,0,Yes,No,Yes,99,201168,20-11-2025
CUST113,Vikram,Mehta,56,Adult,Male,Ahmedabad,Gujarat,Savings Account,Active,04-07-2022,715004,59517,Mass Market,670,Active Loan,389478,No,Yes,Yes,15,101190,07-01-2024
CUST114,Arjun,Kapoor,33,Adult,Male,Thane,Maharashtra,Senior Citizen Savings,Active,28-01-2023,1761886,118829,Affluent,666,Active Loan,355195,No,Yes,Yes,35,332675,18-10-2024
CUST115,Priya,Pandey,13,Minor,Female,Aurangabad,Maharashtra,Savings Account,Dormant,14-05-2019,2421805,66070,Premium,Not Eligible,No Loan,0,No,No,No,4,38608,04-10-2023
CUST116,Kavya,Mishra,42,Adult,Female,Mumbai,Maharashtra,Savings Account,Dormant,04-11-2022,1093611,100590,Affluent,608,Active Loan,773626,Yes,No,Yes,91,98644,28-04-2026
CUST117,Simran,Gandhi,74,Senior Citizen,Female,Noida,Uttar Pradesh,Savings Account,Active,22-12-2021,273570,52174,Mass Market,532,No Loan,0,Yes,No,Yes,74,642690,07-12-2023
CUST118,Sahil,Malhotra,36,Adult,Male,Nashik,Maharashtra,Savings Account,Inactive,17-06-2023,2306888,107886,Premium,725,Active Loan,133688,Yes,No,Yes,61,106323,13-10-2024
CUST119,Amit,Reddy,38,Adult,Male,Aurangabad,Maharashtra,Savings Account,Dormant,11-07-2022,121396,97982,Mass Market,630,No Loan,0,No,No,Yes,13,108173,02-03-2025
CUST120,Meera,Iyer,28,Adult,Female,Thane,Maharashtra,Savings Account,Active,29-09-2018,2090074,29958,Premium,733,Active Loan,168726,Yes,No,Yes,87,571329,22-02-2025
CUST121,Neha,Reddy,54,Adult,Female,Nagpur,Maharashtra,Savings Account,Inactive,15-11-2018,2133149,24163,Premium,759,Active Loan,449354,Yes,Yes,Yes,49,333690,03-10-2025
CUST122,Vikram,Sinha,33,Adult,Male,Nagpur,Maharashtra,Savings Account,Dormant,28-01-2024,675211,54128,Mass Market,789,Active Loan,644791,Yes,Yes,Yes,33,301752,07-09-2025
CUST123,Rohit,Gupta,60,Senior Citizen,Male,Kolkata,West Bengal,Current Account,Dormant,31-05-2024,641729,164204,Mass Market,517,No Loan,0,Yes,No,No,61,430050,02-08-2026
CUST124,Amit,Malhotra,41,Adult,Male,Kolhapur,Maharashtra,Savings Account,Active,26-11-2025,992046,59616,Mass Market,615,No Loan,0,No,Yes,No,19,78660,21-06-2026
CUST125,Aisha,Pandey,58,Adult,Female,Pune,Maharashtra,Savings Account,Inactive,20-02-2024,1098332,192635,Affluent,648,No Loan,0,Yes,Yes,Yes,37,170977,25-10-2024
CUST126,Ishita,Gupta,48,Adult,Female,Nashik,Maharashtra,Premium Savings,Dormant,21-06-2022,1179266,190182,Affluent,678,Active Loan,267635,Yes,Yes,Yes,51,417996,25-04-2024
CUST127,Aarav,Singh,35,Adult,Male,Delhi,Delhi,Salary Account,Dormant,19-06-2018,1878431,180933,Affluent,764,Active Loan,232498,No,No,Yes,16,37536,16-03-2022
CUST128,Nikhil,Singh,53,Adult,Male,Pune,Maharashtra,Senior Citizen Savings,Active,27-06-2018,2011136,40936,Premium,682,Active Loan,356266,No,Yes,Yes,35,19600,17-09-2024
CUST129,Rohit,Reddy,32,Adult,Male,Gurugram,Haryana,Salary Account,Inactive,13-02-2019,1042517,65939,Affluent,698,No Loan,0,Yes,Yes,Yes,130,79170,23-05-2019
CUST130,Aisha,Iyer,67,Senior Citizen,Female,Kolhapur,Maharashtra,Current Account,Inactive,14-12-2025,1572368,88001,Affluent,740,Active Loan,348502,Yes,No,No,14,58562,22-06-2026
CUST131,Pallavi,Agarwal,70,Senior Citizen,Female,Ahmedabad,Gujarat,Savings Account,Active,28-12-2024,1619014,167746,Affluent,782,Active Loan,225641,Yes,Yes,No,69,571044,15-01-2025
CUST132,Shreya,Kulkarni,27,Adult,Female,Pune,Maharashtra,Savings Account,Inactive,30-07-2022,647999,167319,Mass Market,706,Active Loan,270642,Yes,Yes,Yes,127,1221359,04-02-2026
CUST133,Zoya,Chauhan,39,Adult,Male,Navi Mumbai,Maharashtra,Senior Citizen Savings,Dormant,18-03-2024,808504,67721,Mass Market,721,Active Loan,279726,No,Yes,Yes,41,321768,12-05-2025
CUST134,Vikram,Rao,51,Adult,Female,Aurangabad,Maharashtra,Current Account,Inactive,22-07-2022,23041,96155,Mass Market,751,No Loan,0,Yes,Yes,Yes,122,543510,11-01-2023
CUST135,Kavya,Mishra,38,Adult,Male,Ahmedabad,Gujarat,Current Account,Dormant,01-08-2023,2012005,184042,Premium,846,Active Loan,410302,No,No,Yes,13,124488,22-10-2023
CUST136,Rohan,Yadav,18,Adult,Male,Kolhapur,Maharashtra,Salary Account,Dormant,22-12-2020,2263515,119600,Premium,824,Active Loan,471859,Yes,Yes,Yes,89,256765,17-02-2026
CUST137,Rohan,Gupta,68,Senior Citizen,Female,Bengaluru,Karnataka,Current Account,Inactive,26-10-2020,194883,91868,Mass Market,799,No Loan,0,No,No,No,4,34576,28-07-2025
CUST138,Neha,Bhat,53,Adult,Male,Ahmedabad,Gujarat,Salary Account,Active,18-03-2025,615072,35403,Mass Market,773,Active Loan,134713,Yes,No,No,41,171339,13-05-2026
CUST139,Aarav,Chauhan,33,Adult,Female,Surat,Gujarat,Premium Savings,Active,18-12-2022,1509484,33077,Affluent,843,Active Loan,691204,No,No,Yes,47,450683,07-11-2025
CUST140,Pallavi,Iyer,62,Senior Citizen,Male,Chennai,Tamil Nadu,Savings Account,Active,15-06-2022,1596819,69282,Affluent,786,Active Loan,733776,Yes,Yes,Yes,63,555345,15-01-2026
CUST141,Manish,Saxena,61,Senior Citizen,Female,Kolkata,West Bengal,Savings Account,Dormant,23-01-2022,1272738,36322,Affluent,775,Active Loan,251925,Yes,Yes,Yes,14,74592,06-11-2022
CUST142,Meera,Gandhi,52,Adult,Female,Vadodara,Gujarat,Savings Account,Dormant,28-08-2020,171024,80530,Mass Market,839,No Loan,0,Yes,Yes,Yes,140,117040,05-04-2021
CUST143,Meera,Naik,69,Senior Citizen,Male,Jaipur,Rajasthan,Senior Citizen Savings,Inactive,09-06-2021,1585491,117624,Affluent,548,Active Loan,459420,No,Yes,No,21,173103,10-03-2023
CUST144,Rohan,Joshi,50,Adult,Female,Hyderabad,Telangana,Senior Citizen Savings,Active,06-06-2019,1265733,42350,Affluent,703,No Loan,0,No,Yes,No,44,297528,10-01-2022
CUST145,Pallavi,Choudhary,44,Adult,Male,Nagpur,Maharashtra,Savings Account,Dormant,27-11-2018,775729,87909,Mass Market,731,No Loan,0,Yes,Yes,Yes,86,622812,25-05-2019
CUST146,Kabir,Patel,50,Adult,Male,Hyderabad,Telangana,Savings Account,Dormant,27-08-2022,1760572,34751,Affluent,715,Active Loan,123021,Yes,No,Yes,60,92160,07-07-2026
CUST147,Rahul,Verma,56,Adult,Male,Gurugram,Haryana,Savings Account,Dormant,28-06-2021,2476679,45294,Premium,816,Active Loan,586965,Yes,No,Yes,101,833250,08-11-2024
CUST148,Nikhil,Menon,24,Adult,Male,Surat,Gujarat,Senior Citizen Savings,Inactive,10-01-2022,1177769,118601,Affluent,734,No Loan,0,Yes,Yes,Yes,145,1248160,20-05-2026
CUST149,Rohan,Mishra,35,Adult,Female,Noida,Uttar Pradesh,Savings Account,Active,28-10-2023,1241732,79729,Affluent,822,No Loan,0,No,No,Yes,18,152010,25-12-2023
CUST150,Aarav,Yadav,61,Senior Citizen,Male,Bengaluru,Karnataka,Savings Account,Dormant,23-05-2025,1487698,101399,Affluent,506,Active Loan,338530,Yes,Yes,Yes,26,120328,01-01-2026
CUST151,Pooja,Verma,44,Adult,Female,Nashik,Maharashtra,Savings Account,Active,22-05-2018,682691,64785,Mass Market,631,No Loan,0,Yes,No,Yes,89,482647,03-06-2026
CUST152,Neha,Chauhan,71,Senior Citizen,Female,Jaipur,Rajasthan,Savings Account,Dormant,11-03-2018,1831180,25157,Affluent,784,Active Loan,650914,Yes,Yes,Yes,25,121600,16-10-2025
CUST153,Priya,Pillai,52,Adult,Female,Vadodara,Gujarat,Salary Account,Inactive,03-11-2023,1608451,35035,Affluent,756,No Loan,0,Yes,No,Yes,59,481322,23-11-2024
CUST154,Kavya,Singh,12,Minor,Male,Kolkata,West Bengal,Senior Citizen Savings,Active,12-08-2024,824677,161552,Mass Market,Not Eligible,No Loan,0,No,No,Yes,8,15576,25-09-2025
CUST155,Rahul,Mehta,44,Adult,Male,Hyderabad,Telangana,Savings Account,Inactive,18-09-2025,1025146,50258,Affluent,641,Active Loan,443231,No,No,Yes,35,316505,14-06-2026
CUST156,Amit,Iyer,29,Adult,Male,Gurugram,Haryana,Senior Citizen Savings,Active,03-06-2019,840240,136048,Mass Market,843,Active Loan,605601,Yes,Yes,Yes,37,108706,14-11-2021
CUST157,Rakesh,Menon,27,Adult,Female,Hyderabad,Telangana,Salary Account,Inactive,18-12-2025,990218,185066,Mass Market,631,Active Loan,413275,No,Yes,Yes,11,72930,05-05-2026
CUST158,Diya,Tiwari,53,Adult,Female,Noida,Uttar Pradesh,Salary Account,Dormant,17-09-2021,2300369,73313,Premium,630,No Loan,0,No,Yes,No,33,299277,03-10-2023
CUST159,Diya,Saxena,48,Adult,Male,Delhi,Delhi,Savings Account,Inactive,25-12-2021,76493,77876,Mass Market,622,Active Loan,121166,Yes,No,Yes,41,153463,17-02-2025
CUST160,Vikram,Yadav,62,Senior Citizen,Male,Noida,Uttar Pradesh,Savings Account,Dormant,07-01-2020,1783516,53001,Affluent,621,Active Loan,480423,Yes,No,No,48,403104,06-08-2020
CUST161,Pallavi,Nair,58,Adult,Male,Noida,Uttar Pradesh,Senior Citizen Savings,Active,29-04-2024,839743,43290,Mass Market,767,Active Loan,383481,Yes,No,No,23,69483,26-06-2025
CUST162,Arjun,Chopra,49,Adult,Male,Aurangabad,Maharashtra,Savings Account,Dormant,17-01-2021,1032156,31547,Affluent,768,No Loan,0,Yes,Yes,Yes,44,317108,17-06-2023
CUST163,Amit,Pandey,62,Senior Citizen,Female,Kolhapur,Maharashtra,Senior Citizen Savings,Inactive,22-08-2020,491926,137340,Mass Market,833,Active Loan,434847,Yes,Yes,No,62,408890,02-03-2025
CUST164,Karan,Tiwari,75,Senior Citizen,Female,Aurangabad,Maharashtra,Current Account,Inactive,04-07-2022,1492270,112236,Affluent,580,Active Loan,397435,Yes,Yes,Yes,27,38205,05-03-2025
CUST165,Varun,Gupta,74,Senior Citizen,Female,Surat,Gujarat,Premium Savings,Active,23-02-2021,1615434,61851,Affluent,698,Active Loan,726183,Yes,No,No,54,316440,01-01-2026
CUST166,Ishita,Jain,43,Adult,Female,Ahmedabad,Gujarat,Current Account,Inactive,27-11-2018,1234176,166573,Affluent,745,Active Loan,156681,No,No,Yes,44,105556,30-11-2025
CUST167,Ishita,Shah,29,Adult,Male,Hyderabad,Telangana,Current Account,Dormant,12-04-2020,1619653,155614,Affluent,796,No Loan,0,Yes,No,Yes,31,161448,24-03-2024
CUST168,Nisha,Tiwari,19,Adult,Female,Ahmedabad,Gujarat,Savings Account,Inactive,19-11-2025,227371,170540,Mass Market,668,No Loan,0,No,No,No,31,127720,05-12-2025
CUST169,Simran,Pandey,16,Minor,Male,Nashik,Maharashtra,Savings Account,Dormant,10-11-2023,785336,179514,Mass Market,Not Eligible,No Loan,0,No,No,Yes,1,4322,01-05-2025
CUST170,Diya,Joshi,64,Senior Citizen,Male,Vadodara,Gujarat,Senior Citizen Savings,Active,20-11-2025,254971,175913,Mass Market,711,Active Loan,583082,No,Yes,No,1,7403,25-04-2026
CUST171,Arjun,Shah,13,Minor,Female,Surat,Gujarat,Current Account,Active,09-05-2020,2128658,19607,Premium,Not Eligible,No Loan,0,No,No,Yes,7,20769,08-05-2021
CUST172,Akash,Iyer,15,Minor,Female,Thane,Maharashtra,Premium Savings,Dormant,10-01-2020,580173,119932,Mass Market,Not Eligible,No Loan,0,No,No,Yes,3,8142,17-06-2026
CUST173,Ananya,Jain,41,Adult,Female,Rajkot,Gujarat,Premium Savings,Dormant,11-12-2024,1556840,49918,Affluent,729,No Loan,0,Yes,No,Yes,71,563314,09-07-2025
CUST174,Simran,Pillai,11,Minor,Male,Aurangabad,Maharashtra,Savings Account,Active,13-05-2023,300875,136383,Mass Market,Not Eligible,No Loan,0,No,No,Yes,6,24642,30-12-2023
CUST175,Nisha,Choudhary,72,Senior Citizen,Female,Kolkata,West Bengal,Savings Account,Active,13-02-2023,595127,72502,Mass Market,781,Active Loan,565462,Yes,Yes,No,49,291844,05-10-2023
CUST176,Nikhil,Nair,11,Minor,Male,Chennai,Tamil Nadu,Premium Savings,Inactive,15-05-2021,1946837,197265,Affluent,Not Eligible,No Loan,0,No,No,Yes,10,66750,16-12-2022
CUST177,Karan,Bansal,32,Adult,Female,Navi Mumbai,Maharashtra,Savings Account,Inactive,25-09-2019,1460038,105165,Affluent,646,Active Loan,566297,Yes,No,Yes,28,47460,01-01-2022
CUST178,Shreya,Patel,19,Adult,Male,Rajkot,Gujarat,Premium Savings,Active,27-11-2020,1254598,139425,Affluent,826,Active Loan,678842,Yes,Yes,Yes,120,1041240,27-05-2026
CUST179,Yash,Tiwari,42,Adult,Female,Gurugram,Haryana,Senior Citizen Savings,Dormant,02-04-2018,1782718,158921,Affluent,737,Active Loan,799303,Yes,Yes,Yes,127,950595,08-08-2018
CUST180,Diya,Yadav,11,Minor,Female,Pune,Maharashtra,Premium Savings,Inactive,14-04-2024,1070062,100652,Affluent,Not Eligible,No Loan,0,No,No,Yes,9,41022,24-01-2025
CUST181,Simran,Tiwari,30,Adult,Female,Rajkot,Gujarat,Savings Account,Active,01-04-2023,1684149,115935,Affluent,787,No Loan,0,Yes,No,Yes,66,151074,01-03-2025
CUST182,Pallavi,Mehta,18,Adult,Male,Nashik,Maharashtra,Salary Account,Dormant,04-10-2019,28151,191923,Mass Market,797,No Loan,0,No,No,Yes,43,375390,15-05-2026
CUST183,Diya,Pandey,64,Senior Citizen,Female,Noida,Uttar Pradesh,Savings Account,Active,19-05-2021,2004299,77295,Premium,541,No Loan,0,Yes,Yes,Yes,27,90018,14-11-2023
CUST184,Sahil,Jain,48,Adult,Female,Vadodara,Gujarat,Savings Account,Active,22-01-2023,126664,11200,Mass Market,608,Active Loan,215692,Yes,Yes,Yes,29,28739,24-07-2025
CUST185,Simran,Gandhi,71,Senior Citizen,Male,Navi Mumbai,Maharashtra,Savings Account,Inactive,02-05-2019,1156216,165840,Affluent,591,No Loan,0,Yes,No,Yes,63,106722,17-01-2026
CUST186,Aditya,Tiwari,49,Adult,Female,Thane,Maharashtra,Salary Account,Dormant,13-07-2018,573515,188589,Mass Market,678,No Loan,0,Yes,Yes,Yes,34,114070,10-01-2026
CUST187,Pooja,Sinha,13,Minor,Female,Chennai,Tamil Nadu,Senior Citizen Savings,Active,12-03-2023,1230956,23486,Affluent,Not Eligible,No Loan,0,No,No,Yes,6,52974,10-03-2026
CUST188,Meera,Menon,36,Adult,Male,Navi Mumbai,Maharashtra,Savings Account,Active,26-10-2019,1553475,103795,Affluent,663,Active Loan,723872,Yes,Yes,Yes,52,239564,21-02-2021
CUST189,Meera,Sharma,34,Adult,Female,Hyderabad,Telangana,Savings Account,Dormant,25-03-2023,434464,60522,Mass Market,801,Active Loan,694669,Yes,Yes,Yes,22,132066,13-01-2026
CUST190,Riya,Patel,65,Senior Citizen,Male,Aurangabad,Maharashtra,Senior Citizen Savings,Inactive,25-06-2024,2012055,78683,Premium,814,No Loan,0,Yes,No,No,15,11490,03-07-2025
CUST191,Simran,Nair,18,Adult,Male,Kolkata,West Bengal,Senior Citizen Savings,Inactive,20-10-2023,491288,69983,Mass Market,637,Active Loan,171793,No,No,No,6,42768,12-03-2025
CUST192,Pallavi,Khan,64,Senior Citizen,Male,Hyderabad,Telangana,Current Account,Dormant,16-06-2022,321339,158559,Mass Market,519,Active Loan,579854,No,Yes,Yes,30,124380,08-02-2026
CUST193,Varun,Saxena,71,Senior Citizen,Male,Nagpur,Maharashtra,Salary Account,Active,20-09-2019,2180130,170528,Premium,704,Active Loan,190269,Yes,No,Yes,54,329184,21-10-2020
CUST194,Pallavi,Naik,52,Adult,Female,Gurugram,Haryana,Savings Account,Inactive,22-02-2021,829108,198037,Mass Market,767,No Loan,0,No,No,No,10,61510,17-03-2025
CUST195,Simran,Malhotra,17,Minor,Male,Jaipur,Rajasthan,Senior Citizen Savings,Dormant,08-09-2020,302811,183612,Mass Market,Not Eligible,No Loan,0,No,No,Yes,10,54850,22-12-2023
CUST196,Neha,Yadav,23,Adult,Female,Noida,Uttar Pradesh,Senior Citizen Savings,Active,26-11-2019,934004,147589,Mass Market,681,No Loan,0,Yes,Yes,Yes,137,859949,26-03-2021
CUST197,Rohit,Kapoor,43,Adult,Male,Jaipur,Rajasthan,Current Account,Inactive,10-03-2021,62939,199336,Mass Market,771,Active Loan,156839,Yes,Yes,No,111,176712,06-02-2023
CUST198,Rohit,Reddy,48,Adult,Female,Nagpur,Maharashtra,Savings Account,Inactive,29-09-2019,829616,22808,Mass Market,601,Active Loan,305164,Yes,No,Yes,121,868175,17-05-2022
CUST199,Yash,Sinha,46,Adult,Female,Kolkata,West Bengal,Savings Account,Active,13-01-2021,934421,132567,Mass Market,652,No Loan,0,Yes,Yes,Yes,111,151182,10-05-2023
CUST200,Arjun,Shah,71,Senior Citizen,Male,Rajkot,Gujarat,Savings Account,Active,27-04-2023,2164064,96623,Premium,596,No Loan,0,No,Yes,No,22,168124,09-06-2024
CUST201,Neha,Pillai,21,Adult,Female,Surat,Gujarat,Savings Account,Inactive,10-09-2023,2051517,134341,Premium,801,No Loan,0,Yes,Yes,Yes,94,364062,25-11-2025
CUST202,Manish,Malhotra,71,Senior Citizen,Male,Navi Mumbai,Maharashtra,Savings Account,Inactive,22-03-2025,1787102,166737,Affluent,740,No Loan,0,Yes,Yes,Yes,52,315172,23-01-2026
CUST203,Pallavi,Khan,71,Senior Citizen,Female,Noida,Uttar Pradesh,Current Account,Inactive,22-06-2024,516748,171931,Mass Market,660,Active Loan,412583,No,Yes,Yes,29,158456,11-07-2024
CUST204,Meera,Chauhan,58,Adult,Female,Bengaluru,Karnataka,Savings Account,Active,06-05-2020,2003945,47287,Premium,667,No Loan,0,Yes,Yes,Yes,72,419040,21-08-2025
CUST205,Varun,Menon,45,Adult,Male,Navi Mumbai,Maharashtra,Premium Savings,Active,26-10-2020,849128,91474,Mass Market,625,Active Loan,747438,Yes,Yes,Yes,76,78356,02-07-2026
CUST206,Priya,Saxena,74,Senior Citizen,Female,Kolkata,West Bengal,Savings Account,Active,30-08-2024,76428,43321,Mass Market,637,Active Loan,327997,Yes,Yes,No,40,343960,24-12-2024
CUST207,Nisha,Singh,28,Adult,Female,Chennai,Tamil Nadu,Premium Savings,Dormant,06-04-2022,1065825,171658,Affluent,785,Active Loan,133562,No,No,Yes,24,16704,08-07-2025
CUST208,Simran,Tiwari,40,Adult,Female,Kolhapur,Maharashtra,Savings Account,Dormant,19-11-2021,2218163,10141,Premium,621,Active Loan,373920,Yes,No,No,72,350568,19-02-2022
CUST209,Simran,Mishra,40,Adult,Female,Kolhapur,Maharashtra,Savings Account,Dormant,05-06-2022,1404492,104598,Affluent,709,Active Loan,533153,Yes,No,No,53,358174,06-04-2025
CUST210,Vikram,Iyer,63,Senior Citizen,Male,Delhi,Delhi,Salary Account,Inactive,07-02-2021,2234118,159322,Premium,603,Active Loan,285154,Yes,Yes,Yes,43,240413,27-01-2022
CUST211,Neha,Tiwari,54,Adult,Female,Chennai,Tamil Nadu,Savings Account,Active,09-05-2023,730983,86449,Mass Market,806,Active Loan,587195,Yes,Yes,Yes,128,680960,10-05-2023
CUST212,Akash,Agarwal,20,Adult,Male,Noida,Uttar Pradesh,Savings Account,Active,01-08-2018,1981313,83341,Affluent,710,No Loan,0,No,No,Yes,23,219857,11-08-2019
CUST213,Ayush,Kapoor,14,Minor,Male,Mumbai,Maharashtra,Current Account,Active,30-06-2021,1808553,199161,Affluent,Not Eligible,No Loan,0,No,No,No,9,43722,15-02-2026
CUST214,Manish,Choudhary,34,Adult,Male,Kolhapur,Maharashtra,Savings Account,Inactive,07-09-2021,748952,156803,Mass Market,637,No Loan,0,Yes,Yes,Yes,41,248091,21-08-2025
CUST215,Yash,Pillai,38,Adult,Male,Bengaluru,Karnataka,Savings Account,Active,21-08-2025,1903752,10149,Affluent,839,Active Loan,295702,Yes,Yes,Yes,48,403824,10-12-2025
CUST216,Aarav,Patel,25,Adult,Male,Noida,Uttar Pradesh,Premium Savings,Active,03-09-2018,2448073,123427,Premium,632,Active Loan,666060,Yes,No,No,137,77816,12-05-2023
CUST217,Yash,Choudhary,68,Senior Citizen,Male,Navi Mumbai,Maharashtra,Current Account,Dormant,13-12-2022,171877,157684,Mass Market,805,Active Loan,199959,No,No,No,27,239436,26-07-2026
CUST218,Ayush,Yadav,22,Adult,Male,Kolkata,West Bengal,Premium Savings,Active,26-05-2024,2470021,177742,Premium,804,Active Loan,473782,Yes,Yes,Yes,97,811211,01-06-2024
CUST219,Nisha,Desai,44,Adult,Female,Mumbai,Maharashtra,Savings Account,Dormant,01-05-2025,654852,88371,Mass Market,647,No Loan,0,Yes,Yes,Yes,59,371995,07-06-2025
CUST220,Vikram,Bhat,30,Adult,Male,Kolkata,West Bengal,Senior Citizen Savings,Dormant,26-05-2025,1351961,88365,Affluent,635,Active Loan,635280,Yes,No,Yes,40,241000,13-10-2025
CUST221,Pallavi,Agarwal,72,Senior Citizen,Female,Bengaluru,Karnataka,Savings Account,Active,05-09-2025,1512456,183575,Affluent,760,No Loan,0,Yes,Yes,No,73,642692,12-04-2026
CUST222,Amit,Chauhan,48,Adult,Male,Hyderabad,Telangana,Savings Account,Dormant,10-10-2024,1856486,194790,Affluent,618,Active Loan,379369,Yes,Yes,Yes,122,676002,23-06-2025
CUST223,Rakesh,Menon,57,Adult,Male,Rajkot,Gujarat,Savings Account,Active,06-08-2021,1518790,134593,Affluent,821,No Loan,0,No,No,Yes,32,20192,16-06-2023
CUST224,Karan,Choudhary,62,Senior Citizen,Male,Nashik,Maharashtra,Savings Account,Inactive,24-10-2022,1161883,160447,Affluent,815,No Loan,0,No,Yes,Yes,19,168549,12-05-2024
CUST225,Diya,Gandhi,10,Minor,Female,Hyderabad,Telangana,Savings Account,Inactive,11-05-2025,1525413,88887,Affluent,Not Eligible,No Loan,0,No,No,Yes,6,52692,05-10-2025
CUST226,Ananya,Kulkarni,43,Adult,Female,Delhi,Delhi,Premium Savings,Inactive,27-11-2019,801057,159425,Mass Market,742,No Loan,0,Yes,No,Yes,77,297220,31-12-2020
CUST227,Vikram,Chauhan,44,Adult,Male,Kolhapur,Maharashtra,Senior Citizen Savings,Active,19-06-2023,1095483,121051,Affluent,777,Active Loan,625078,Yes,Yes,Yes,112,113904,08-09-2023
CUST228,Akash,Singh,69,Senior Citizen,Male,Mumbai,Maharashtra,Savings Account,Inactive,20-11-2024,1358956,162888,Affluent,654,No Loan,0,No,No,Yes,7,23387,30-03-2025
CUST229,Priya,Tiwari,22,Adult,Female,Vadodara,Gujarat,Premium Savings,Dormant,08-02-2019,1528184,53942,Affluent,708,No Loan,0,Yes,Yes,No,109,739456,20-08-2020
CUST230,Akash,Desai,21,Adult,Female,Thane,Maharashtra,Savings Account,Inactive,26-07-2021,1383569,138443,Affluent,648,No Loan,0,Yes,Yes,Yes,114,83790,08-11-2023
CUST231,Sneha,Choudhary,63,Senior Citizen,Male,Gurugram,Haryana,Current Account,Dormant,20-08-2023,1324041,54253,Affluent,526,No Loan,0,Yes,No,Yes,21,125286,30-03-2024
CUST232,Ayush,Desai,21,Adult,Female,Pune,Maharashtra,Senior Citizen Savings,Dormant,19-04-2021,169478,117338,Mass Market,643,No Loan,0,Yes,No,No,54,367308,03-07-2025
CUST233,Ananya,Rao,33,Adult,Female,Gurugram,Haryana,Savings Account,Dormant,03-03-2021,1435871,62848,Affluent,843,Active Loan,237242,Yes,Yes,Yes,109,978275,12-06-2023
CUST234,Nisha,Chopra,68,Senior Citizen,Female,Nagpur,Maharashtra,Current Account,Dormant,28-02-2019,1363783,148300,Affluent,637,Active Loan,408413,Yes,No,Yes,66,443454,06-06-2025
CUST235,Priya,Chauhan,39,Adult,Female,Bengaluru,Karnataka,Current Account,Active,30-09-2020,1818392,46004,Affluent,846,No Loan,0,Yes,Yes,Yes,127,506730,18-04-2025
CUST236,Zoya,Agarwal,44,Adult,Female,Noida,Uttar Pradesh,Senior Citizen Savings,Active,21-07-2023,1486624,77948,Affluent,836,No Loan,0,Yes,No,Yes,133,277704,28-07-2023
CUST237,Aarav,Choudhary,29,Adult,Male,Mumbai,Maharashtra,Salary Account,Dormant,24-07-2024,2182984,79868,Premium,729,No Loan,0,No,No,No,12,64152,27-01-2026
CUST238,Rakesh,Chopra,73,Senior Citizen,Female,Gurugram,Haryana,Savings Account,Dormant,01-12-2023,245661,56029,Mass Market,728,Active Loan,149348,Yes,Yes,No,12,89292,17-05-2026
CUST239,Sneha,Naik,40,Adult,Male,Thane,Maharashtra,Savings Account,Inactive,04-01-2021,2263473,58469,Premium,620,Active Loan,142494,Yes,No,Yes,92,661940,12-07-2022
CUST240,Kabir,Nair,42,Adult,Male,Bengaluru,Karnataka,Premium Savings,Dormant,06-06-2020,1255087,81249,Affluent,726,Active Loan,459815,No,Yes,Yes,44,60148,24-07-2022
CUST241,Varun,Shetty,55,Adult,Female,Ahmedabad,Gujarat,Premium Savings,Inactive,26-07-2020,1867099,187303,Affluent,813,Active Loan,540251,Yes,No,Yes,41,399381,04-09-2025
CUST242,Akash,Choudhary,55,Adult,Male,Surat,Gujarat,Savings Account,Dormant,26-05-2023,439371,46552,Mass Market,805,No Loan,0,Yes,Yes,Yes,105,478485,24-01-2024
CUST243,Simran,Shah,67,Senior Citizen,Female,Chennai,Tamil Nadu,Current Account,Inactive,22-01-2024,2264460,129122,Premium,684,Active Loan,491066,No,No,No,16,81328,21-06-2025
CUST244,Ananya,Sinha,47,Adult,Female,Pune,Maharashtra,Salary Account,Dormant,25-11-2024,460136,56406,Mass Market,779,No Loan,0,Yes,No,Yes,64,73920,06-08-2026
CUST245,Ayush,Bhat,72,Senior Citizen,Male,Surat,Gujarat,Salary Account,Dormant,01-01-2021,1981784,193633,Affluent,739,Active Loan,170399,No,No,Yes,8,35776,01-04-2025
CUST246,Riya,Verma,26,Adult,Male,Rajkot,Gujarat,Savings Account,Dormant,09-08-2021,190908,43559,Mass Market,770,Active Loan,587675,No,No,No,19,40926,08-09-2023
CUST247,Vikram,Khan,50,Adult,Female,Noida,Uttar Pradesh,Premium Savings,Dormant,23-01-2021,1249886,89155,Affluent,830,No Loan,0,Yes,No,Yes,113,325214,13-11-2021
CUST248,Diya,Gandhi,54,Adult,Female,Nashik,Maharashtra,Savings Account,Active,28-10-2018,1386825,36657,Affluent,752,No Loan,0,No,Yes,Yes,14,120554,02-09-2021
CUST249,Shreya,Menon,42,Adult,Female,Rajkot,Gujarat,Salary Account,Dormant,01-03-2018,1432766,64203,Affluent,794,Active Loan,129202,No,Yes,No,47,107301,30-10-2019
CUST250,Sneha,Malhotra,39,Adult,Male,Noida,Uttar Pradesh,Savings Account,Inactive,24-04-2025,2418738,149648,Premium,644,Active Loan,451224,Yes,Yes,Yes,44,42592,28-04-2025
CUST251,Ayush,Kulkarni,70,Senior Citizen,Female,Chennai,Tamil Nadu,Savings Account,Inactive,02-01-2019,1585835,115243,Affluent,517,Active Loan,713540,Yes,No,No,73,142715,04-05-2022
CUST252,Vikram,Singh,57,Adult,Male,Aurangabad,Maharashtra,Savings Account,Dormant,20-07-2022,1020178,54812,Affluent,738,No Loan,0,Yes,Yes,Yes,94,754256,22-03-2025
CUST253,Ayush,Reddy,39,Adult,Female,Kolhapur,Maharashtra,Savings Account,Inactive,10-05-2021,1616507,146356,Affluent,703,Active Loan,795797,Yes,Yes,Yes,59,571238,07-11-2023
CUST254,Sneha,Rao,74,Senior Citizen,Female,Vadodara,Gujarat,Savings Account,Inactive,20-06-2022,1145084,111139,Affluent,680,Active Loan,560601,No,No,No,7,53550,18-07-2022
CUST255,Riya,Iyer,23,Adult,Male,Rajkot,Gujarat,Current Account,Dormant,14-03-2021,2297438,27769,Premium,730,No Loan,0,Yes,No,Yes,42,182238,08-04-2023
CUST256,Simran,Naik,74,Senior Citizen,Male,Chennai,Tamil Nadu,Savings Account,Dormant,15-05-2025,1663394,97307,Affluent,762,No Loan,0,Yes,No,No,50,289450,18-02-2026
CUST257,Ayush,Sharma,59,Adult,Male,Kolhapur,Maharashtra,Premium Savings,Inactive,16-07-2018,1702859,153775,Affluent,675,No Loan,0,No,Yes,Yes,15,49950,02-10-2024
CUST258,Karan,Joshi,65,Senior Citizen,Male,Vadodara,Gujarat,Savings Account,Inactive,02-12-2025,607015,143534,Mass Market,548,No Loan,0,Yes,No,Yes,40,253720,25-07-2026
CUST259,Varun,Singh,27,Adult,Male,Kolhapur,Maharashtra,Current Account,Inactive,20-08-2022,1060008,122739,Affluent,717,No Loan,0,No,No,Yes,17,74749,28-07-2023
CUST260,Aditya,Iyer,63,Senior Citizen,Male,Chennai,Tamil Nadu,Savings Account,Dormant,17-05-2024,2373261,159718,Premium,549,Active Loan,683257,Yes,No,No,28,17444,20-11-2025
CUST261,Rohit,Choudhary,36,Adult,Female,Chennai,Tamil Nadu,Savings Account,Active,29-04-2021,1505345,107891,Affluent,646,No Loan,0,No,Yes,Yes,44,88132,10-03-2024
CUST262,Amit,Kapoor,38,Adult,Female,Nagpur,Maharashtra,Current Account,Inactive,08-03-2022,2351988,9954,Premium,832,No Loan,0,No,No,Yes,27,163188,09-05-2025
CUST263,Kavya,Tiwari,22,Adult,Female,Kolkata,West Bengal,Savings Account,Dormant,02-07-2020,838962,135376,Mass Market,779,Active Loan,743127,No,Yes,Yes,18,14940,01-03-2024
CUST264,Zoya,Agarwal,14,Minor,Female,Pune,Maharashtra,Savings Account,Dormant,04-04-2025,831029,58921,Mass Market,Not Eligible,No Loan,0,No,No,No,5,19625,04-07-2026
CUST265,Ananya,Patel,44,Adult,Female,Nagpur,Maharashtra,Savings Account,Inactive,04-12-2021,2254103,190022,Premium,654,Active Loan,306989,No,No,No,23,84525,01-01-2026
CUST266,Sneha,Patel,62,Senior Citizen,Male,Ahmedabad,Gujarat,Premium Savings,Dormant,25-02-2024,226569,165810,Mass Market,795,Active Loan,713872,Yes,Yes,No,62,444478,22-06-2026
CUST267,Varun,Bhat,60,Senior Citizen,Female,Vadodara,Gujarat,Savings Account,Dormant,31-10-2024,2240605,178174,Premium,633,Active Loan,651320,Yes,No,No,79,735885,27-03-2026
CUST268,Aditya,Pillai,44,Adult,Male,Navi Mumbai,Maharashtra,Salary Account,Inactive,02-09-2023,1437280,15177,Affluent,837,Active Loan,165114,Yes,No,Yes,134,1085936,12-08-2024
CUST269,Rakesh,Bansal,33,Adult,Female,Navi Mumbai,Maharashtra,Savings Account,Inactive,24-07-2025,38710,52980,Mass Market,745,Active Loan,713139,No,Yes,Yes,17,48501,10-09-2025
CUST270,Manish,Desai,36,Adult,Male,Delhi,Delhi,Savings Account,Dormant,23-01-2022,1574227,36412,Affluent,711,Active Loan,484278,Yes,Yes,Yes,33,308550,05-03-2023
CUST271,Zoya,Khan,25,Adult,Male,Vadodara,Gujarat,Senior Citizen Savings,Active,13-08-2025,1039729,109077,Affluent,694,No Loan,0,Yes,No,Yes,90,522000,20-07-2026
CUST272,Nisha,Joshi,36,Adult,Female,Jaipur,Rajasthan,Salary Account,Active,07-01-2020,1581708,100084,Affluent,733,No Loan,0,Yes,No,No,144,1011600,25-07-2025
CUST273,Varun,Bhat,24,Adult,Male,Surat,Gujarat,Savings Account,Active,17-03-2018,1455019,39273,Affluent,605,Active Loan,655869,Yes,Yes,No,116,470032,22-08-2025
CUST274,Neha,Nair,53,Adult,Male,Chennai,Tamil Nadu,Premium Savings,Dormant,04-04-2021,1180093,193809,Affluent,741,No Loan,0,Yes,No,Yes,68,450636,15-04-2023
CUST275,Karan,Sinha,49,Adult,Female,Thane,Maharashtra,Savings Account,Inactive,03-02-2023,2285908,59766,Premium,773,Active Loan,264125,Yes,No,Yes,89,710220,22-10-2024
CUST276,Kabir,Iyer,15,Minor,Female,Surat,Gujarat,Premium Savings,Active,04-01-2021,226768,68848,Mass Market,Not Eligible,No Loan,0,No,No,Yes,2,17056,24-10-2025
CUST277,Ishita,Agarwal,30,Adult,Female,Thane,Maharashtra,Current Account,Dormant,25-06-2019,29212,62964,Mass Market,600,Active Loan,475902,No,No,Yes,48,456624,29-07-2026
CUST278,Aisha,Agarwal,32,Adult,Male,Bengaluru,Karnataka,Savings Account,Active,26-04-2023,1637933,181847,Affluent,670,No Loan,0,Yes,Yes,Yes,55,299255,05-02-2025
CUST279,Ayush,Rao,31,Adult,Male,Gurugram,Haryana,Premium Savings,Active,28-09-2020,1345165,109499,Affluent,830,No Loan,0,Yes,Yes,Yes,106,1052686,03-01-2023
CUST280,Yash,Desai,74,Senior Citizen,Female,Kolkata,West Bengal,Savings Account,Active,04-11-2019,2258552,8602,Premium,714,Active Loan,492504,No,Yes,Yes,2,16976,19-10-2025
CUST281,Sneha,Bansal,48,Adult,Male,Pune,Maharashtra,Salary Account,Active,25-12-2020,2241296,182133,Premium,848,Active Loan,449366,Yes,No,No,62,514910,30-01-2021
CUST282,Kabir,Naik,20,Adult,Female,Kolhapur,Maharashtra,Senior Citizen Savings,Inactive,30-03-2019,614138,6567,Mass Market,827,No Loan,0,No,Yes,Yes,5,20990,29-01-2026
CUST283,Rakesh,Gandhi,70,Senior Citizen,Female,Vadodara,Gujarat,Savings Account,Inactive,29-07-2021,2031575,51153,Premium,834,Active Loan,328468,Yes,Yes,No,74,460354,14-04-2026
CUST284,Aarav,Saxena,60,Senior Citizen,Female,Chennai,Tamil Nadu,Current Account,Inactive,10-04-2025,459798,199029,Mass Market,758,No Loan,0,Yes,No,No,10,22760,23-04-2026
CUST285,Arjun,Shah,40,Adult,Female,Thane,Maharashtra,Premium Savings,Inactive,17-03-2022,1976838,169420,Affluent,790,No Loan,0,No,Yes,No,39,222651,24-02-2023
CUST286,Ananya,Mehta,72,Senior Citizen,Male,Gurugram,Haryana,Savings Account,Inactive,23-08-2024,875441,33365,Mass Market,805,Active Loan,426267,No,No,No,7,38122,26-06-2025
CUST287,Rohit,Singh,25,Adult,Female,Hyderabad,Telangana,Savings Account,Dormant,12-11-2021,667844,115324,Mass Market,645,Active Loan,651966,Yes,No,Yes,105,290640,20-02-2023
CUST288,Manish,Menon,48,Adult,Male,Navi Mumbai,Maharashtra,Senior Citizen Savings,Dormant,22-11-2023,1716870,192431,Affluent,607,Active Loan,509414,Yes,No,Yes,44,127644,17-12-2023
CUST289,Neha,Patel,69,Senior Citizen,Female,Gurugram,Haryana,Salary Account,Inactive,23-03-2024,209736,48056,Mass Market,590,No Loan,0,No,Yes,No,18,145314,07-07-2024
CUST290,Kavya,Yadav,38,Adult,Male,Bengaluru,Karnataka,Savings Account,Dormant,03-05-2019,1978956,156165,Affluent,838,Active Loan,518207,Yes,No,Yes,73,95703,21-10-2022
CUST291,Meera,Agarwal,18,Adult,Female,Aurangabad,Maharashtra,Premium Savings,Inactive,14-06-2024,13253,155976,Mass Market,604,Active Loan,321158,No,No,Yes,24,80640,15-06-2025
CUST292,Amit,Sinha,14,Minor,Female,Rajkot,Gujarat,Current Account,Dormant,24-05-2024,1915321,181065,Affluent,Not Eligible,No Loan,0,No,No,Yes,10,16630,31-01-2026
CUST293,Neha,Pillai,13,Minor,Female,Gurugram,Haryana,Savings Account,Dormant,17-04-2020,1853737,29604,Affluent,Not Eligible,No Loan,0,No,No,Yes,5,23810,05-05-2025
CUST294,Vikram,Menon,23,Adult,Male,Vadodara,Gujarat,Savings Account,Active,22-12-2019,1369560,163298,Affluent,822,No Loan,0,No,No,Yes,48,344640,27-05-2021
CUST295,Neha,Saxena,46,Adult,Female,Chennai,Tamil Nadu,Premium Savings,Active,08-07-2022,1920713,5381,Affluent,756,Active Loan,430267,Yes,Yes,No,85,803930,18-05-2023
CUST296,Aisha,Chopra,38,Adult,Male,Vadodara,Gujarat,Salary Account,Inactive,07-12-2025,1760201,118674,Affluent,761,Active Loan,793131,No,Yes,Yes,21,138831,03-02-2026
CUST297,Pooja,Gupta,17,Minor,Female,Vadodara,Gujarat,Salary Account,Dormant,01-11-2019,1217210,62769,Affluent,Not Eligible,No Loan,0,No,No,No,3,14919,12-09-2025
CUST298,Meera,Chopra,43,Adult,Female,Nagpur,Maharashtra,Current Account,Dormant,23-04-2020,384383,108122,Mass Market,724,No Loan,0,No,Yes,Yes,11,63008,26-08-2020
CUST299,Pooja,Gandhi,16,Minor,Female,Aurangabad,Maharashtra,Premium Savings,Active,09-06-2020,1806340,168651,Affluent,Not Eligible,No Loan,0,No,No,No,9,80091,09-01-2022
CUST300,Ishita,Nair,20,Adult,Female,Navi Mumbai,Maharashtra,Savings Account,Inactive,28-02-2021,344250,93172,Mass Market,689,Active Loan,450366,Yes,Yes,No,100,186400,30-06-2023
CUST301,Neha,Pandey,29,Adult,Female,Ahmedabad,Gujarat,Current Account,Inactive,11-05-2018,385552,110385,Mass Market,820,No Loan,0,Yes,No,Yes,132,857604,19-07-2024
CUST302,Aditya,Saxena,15,Minor,Female,Rajkot,Gujarat,Current Account,Inactive,23-01-2022,1478501,26898,Affluent,Not Eligible,No Loan,0,No,No,No,0,0,11-12-2025
CUST303,Rahul,Menon,20,Adult,Female,Aurangabad,Maharashtra,Savings Account,Active,13-09-2022,1413200,192101,Affluent,845,Active Loan,724505,No,No,No,17,64039,24-02-2025
CUST304,Aditya,Singh,24,Adult,Male,Kolhapur,Maharashtra,Premium Savings,Inactive,03-08-2025,684318,158730,Mass Market,829,Active Loan,251713,No,Yes,No,49,209720,03-07-2026
CUST305,Rohit,Menon,30,Adult,Male,Pune,Maharashtra,Salary Account,Dormant,12-10-2018,1975303,113962,Affluent,632,Active Loan,522510,Yes,Yes,Yes,117,192933,23-10-2020
CUST306,Pooja,Bhat,64,Senior Citizen,Female,Navi Mumbai,Maharashtra,Senior Citizen Savings,Active,13-03-2023,1056947,126405,Affluent,525,No Loan,0,Yes,Yes,No,49,86779,24-01-2025
CUST307,Pallavi,Choudhary,68,Senior Citizen,Female,Kolhapur,Maharashtra,Premium Savings,Active,10-10-2019,1433910,190048,Affluent,632,Active Loan,288172,Yes,No,No,13,45734,19-10-2025
CUST308,Pallavi,Choudhary,10,Minor,Female,Noida,Uttar Pradesh,Premium Savings,Dormant,13-10-2023,820093,153320,Mass Market,Not Eligible,No Loan,0,No,No,Yes,8,24616,01-08-2026
CUST309,Ayush,Choudhary,74,Senior Citizen,Male,Kolhapur,Maharashtra,Senior Citizen Savings,Dormant,08-02-2019,1350031,132939,Affluent,622,Active Loan,648327,Yes,Yes,No,63,177912,18-04-2019
CUST310,Kabir,Verma,16,Minor,Male,Mumbai,Maharashtra,Savings Account,Dormant,18-02-2024,1081680,159303,Affluent,Not Eligible,No Loan,0,No,No,Yes,7,4368,17-05-2025
CUST311,Diya,Kulkarni,57,Adult,Female,Bengaluru,Karnataka,Current Account,Dormant,03-01-2019,964031,34187,Mass Market,767,Active Loan,536986,No,Yes,Yes,39,361608,17-02-2019
CUST312,Priya,Mehta,60,Senior Citizen,Female,Surat,Gujarat,Savings Account,Dormant,08-05-2020,60163,13434,Mass Market,832,No Loan,0,Yes,Yes,No,40,274600,04-05-2021
CUST313,Ananya,Jain,20,Adult,Female,Bengaluru,Karnataka,Senior Citizen Savings,Inactive,08-01-2024,902996,98256,Mass Market,612,No Loan,0,No,No,Yes,19,49818,10-11-2024
CUST314,Karan,Rao,30,Adult,Male,Bengaluru,Karnataka,Savings Account,Dormant,25-09-2018,987899,69097,Mass Market,696,Active Loan,502873,No,Yes,Yes,22,19294,22-07-2023
CUST315,Ananya,Joshi,42,Adult,Female,Ahmedabad,Gujarat,Senior Citizen Savings,Inactive,24-04-2021,1873002,151876,Affluent,625,No Loan,0,No,Yes,No,13,69498,28-04-2025
CUST316,Nisha,Patel,13,Minor,Female,Bengaluru,Karnataka,Savings Account,Dormant,25-10-2021,1653045,119017,Affluent,Not Eligible,No Loan,0,No,No,Yes,9,23688,03-11-2021
CUST317,Ananya,Rao,66,Senior Citizen,Female,Rajkot,Gujarat,Senior Citizen Savings,Dormant,05-01-2020,1963555,6924,Affluent,826,Active Loan,186940,No,No,Yes,4,33408,23-09-2024
CUST318,Ishita,Mishra,30,Adult,Female,Gurugram,Haryana,Savings Account,Inactive,21-07-2019,436785,160707,Mass Market,657,Active Loan,767090,Yes,Yes,No,86,264450,29-03-2023
CUST319,Rahul,Verma,10,Minor,Male,Ahmedabad,Gujarat,Savings Account,Dormant,28-12-2023,542331,160964,Mass Market,Not Eligible,No Loan,0,No,No,No,9,75762,18-07-2025
CUST320,Zoya,Agarwal,65,Senior Citizen,Female,Gurugram,Haryana,Savings Account,Inactive,25-06-2025,1930787,189815,Affluent,752,No Loan,0,No,Yes,No,0,0,02-03-2026
CUST321,Aditya,Saxena,21,Adult,Male,Surat,Gujarat,Premium Savings,Active,30-01-2020,1885542,68211,Affluent,822,No Loan,0,No,Yes,Yes,10,29360,23-10-2020
CUST322,Rohit,Rao,37,Adult,Male,Nagpur,Maharashtra,Savings Account,Dormant,09-09-2018,1565018,44523,Affluent,767,No Loan,0,Yes,No,No,131,1244500,06-10-2020
CUST323,Kabir,Malhotra,74,Senior Citizen,Male,Navi Mumbai,Maharashtra,Salary Account,Active,29-10-2024,2001905,47019,Premium,765,No Loan,0,Yes,No,No,51,57426,17-01-2026
CUST324,Ananya,Kulkarni,47,Adult,Female,Chennai,Tamil Nadu,Savings Account,Active,10-01-2023,262141,57778,Mass Market,659,No Loan,0,No,Yes,No,7,52556,07-04-2025
CUST325,Akash,Chauhan,41,Adult,Male,Nashik,Maharashtra,Savings Account,Active,30-07-2020,1141421,187534,Affluent,611,No Loan,0,Yes,Yes,Yes,140,154980,25-06-2023
CUST326,Diya,Iyer,70,Senior Citizen,Female,Kolhapur,Maharashtra,Savings Account,Active,30-09-2019,347462,157802,Mass Market,537,No Loan,0,No,Yes,Yes,18,100206,09-01-2025
CUST327,Nisha,Iyer,13,Minor,Female,Navi Mumbai,Maharashtra,Salary Account,Active,23-09-2019,1972987,71223,Affluent,Not Eligible,No Loan,0,No,No,Yes,0,0,07-03-2025
CUST328,Manish,Menon,38,Adult,Male,Vadodara,Gujarat,Savings Account,Dormant,10-09-2023,892471,189646,Mass Market,752,No Loan,0,Yes,Yes,Yes,32,150368,15-10-2023
CUST329,Sneha,Khan,49,Adult,Female,Nagpur,Maharashtra,Savings Account,Dormant,16-03-2021,2053325,160540,Premium,644,No Loan,0,Yes,Yes,Yes,53,109233,19-02-2025
CUST330,Sneha,Menon,16,Minor,Female,Bengaluru,Karnataka,Savings Account,Dormant,01-02-2021,948110,80838,Mass Market,Not Eligible,No Loan,0,No,No,No,1,7971,06-04-2025
CUST331,Nikhil,Reddy,19,Adult,Male,Nagpur,Maharashtra,Current Account,Inactive,14-06-2020,1534548,185246,Affluent,754,Active Loan,623719,Yes,Yes,Yes,21,161448,19-12-2022
CUST332,Meera,Shah,61,Senior Citizen,Female,Bengaluru,Karnataka,Salary Account,Active,07-04-2018,474598,111525,Mass Market,755,No Loan,0,No,Yes,Yes,28,103432,25-03-2020
CUST333,Aarav,Rao,29,Adult,Male,Ahmedabad,Gujarat,Savings Account,Active,27-08-2025,480220,17315,Mass Market,801,Active Loan,128309,Yes,Yes,Yes,126,439740,31-03-2026
CUST334,Varun,Kapoor,26,Adult,Male,Thane,Maharashtra,Senior Citizen Savings,Dormant,02-11-2024,2310928,87797,Premium,753,Active Loan,413040,No,Yes,Yes,30,145860,06-03-2025
CUST335,Nisha,Pillai,51,Adult,Female,Aurangabad,Maharashtra,Premium Savings,Active,07-02-2025,998618,180919,Mass Market,769,Active Loan,380463,Yes,No,Yes,92,800492,06-03-2026
CUST336,Rahul,Agarwal,38,Adult,Male,Bengaluru,Karnataka,Savings Account,Dormant,04-02-2020,1381529,186960,Affluent,662,Active Loan,598924,Yes,Yes,No,39,109200,07-08-2020
CUST337,Zoya,Pandey,70,Senior Citizen,Female,Kolkata,West Bengal,Savings Account,Dormant,10-12-2023,1849000,188965,Affluent,716,Active Loan,756057,Yes,No,No,56,107688,24-03-2026
CUST338,Pallavi,Agarwal,11,Minor,Female,Mumbai,Maharashtra,Savings Account,Active,13-10-2024,1536469,172022,Affluent,Not Eligible,No Loan,0,No,No,Yes,8,31456,04-06-2025
CUST339,Aisha,Gandhi,20,Adult,Female,Jaipur,Rajasthan,Savings Account,Dormant,19-12-2024,499346,86329,Mass Market,683,Active Loan,268514,No,Yes,Yes,18,12132,21-07-2025
CUST340,Varun,Bansal,63,Senior Citizen,Male,Pune,Maharashtra,Savings Account,Inactive,18-06-2018,1720021,15688,Affluent,735,Active Loan,742328,Yes,No,No,25,63000,17-02-2024
CUST341,Karan,Saxena,45,Adult,Male,Bengaluru,Karnataka,Savings Account,Active,05-08-2024,1035449,13989,Affluent,660,No Loan,0,Yes,No,Yes,132,189024,06-10-2025
CUST342,Tanya,Nair,50,Adult,Female,Kolhapur,Maharashtra,Premium Savings,Inactive,07-12-2024,702472,130234,Mass Market,784,Active Loan,528907,Yes,Yes,Yes,30,248010,26-11-2025
CUST343,Aarav,Bansal,61,Senior Citizen,Male,Pune,Maharashtra,Savings Account,Inactive,13-07-2025,95487,154173,Mass Market,825,No Loan,0,Yes,Yes,Yes,46,240948,24-06-2026
CUST344,Shreya,Kulkarni,53,Adult,Female,Noida,Uttar Pradesh,Savings Account,Inactive,15-11-2018,1051513,113848,Affluent,735,Active Loan,336652,Yes,Yes,Yes,48,422352,11-07-2025
CUST345,Nikhil,Chauhan,39,Adult,Male,Nashik,Maharashtra,Savings Account,Inactive,25-12-2020,952079,25353,Mass Market,829,Active Loan,149086,No,Yes,No,38,168226,23-09-2021
CUST346,Manish,Naik,55,Adult,Male,Vadodara,Gujarat,Savings Account,Inactive,02-09-2018,457021,65119,Mass Market,711,Active Loan,556419,No,No,Yes,17,163625,17-09-2025
CUST347,Amit,Rao,69,Senior Citizen,Male,Surat,Gujarat,Premium Savings,Active,09-08-2018,1701872,22014,Affluent,850,Active Loan,166231,Yes,No,Yes,63,94878,05-12-2021
CUST348,Zoya,Kulkarni,55,Adult,Female,Nashik,Maharashtra,Savings Account,Dormant,26-12-2025,2483729,63212,Premium,759,Active Loan,380461,Yes,No,Yes,38,269344,15-04-2026
CUST349,Arjun,Pandey,13,Minor,Male,Gurugram,Haryana,Savings Account,Dormant,27-11-2018,1619167,165868,Affluent,Not Eligible,No Loan,0,No,No,Yes,9,66789,28-03-2024
CUST350,Pallavi,Gupta,70,Senior Citizen,Female,Pune,Maharashtra,Savings Account,Inactive,10-07-2021,539649,37948,Mass Market,769,Active Loan,372525,Yes,Yes,No,60,204960,30-07-2021
CUST351,Zoya,Kapoor,57,Adult,Female,Noida,Uttar Pradesh,Senior Citizen Savings,Active,02-08-2018,795118,118776,Mass Market,738,No Loan,0,No,No,Yes,31,18879,18-07-2024
CUST352,Zoya,Iyer,21,Adult,Male,Navi Mumbai,Maharashtra,Savings Account,Active,17-09-2022,279327,5220,Mass Market,834,Active Loan,263197,Yes,No,Yes,66,92268,10-12-2023
CUST353,Akash,Gandhi,45,Adult,Male,Surat,Gujarat,Salary Account,Inactive,21-07-2018,1446133,118053,Affluent,630,No Loan,0,Yes,Yes,Yes,117,834444,06-12-2021
CUST354,Nikhil,Verma,12,Minor,Female,Pune,Maharashtra,Savings Account,Active,17-10-2024,1973611,96747,Affluent,Not Eligible,No Loan,0,No,No,Yes,5,31140,29-06-2026
CUST355,Priya,Patel,30,Adult,Female,Jaipur,Rajasthan,Savings Account,Inactive,08-11-2023,486982,117017,Mass Market,835,Active Loan,373224,Yes,No,No,48,297360,15-05-2024
CUST356,Aisha,Chauhan,55,Adult,Female,Ahmedabad,Gujarat,Savings Account,Dormant,21-11-2022,260387,176581,Mass Market,786,No Loan,0,Yes,Yes,Yes,59,514775,25-03-2026
CUST357,Aisha,Shetty,27,Adult,Male,Gurugram,Haryana,Salary Account,Dormant,16-04-2018,375778,121715,Mass Market,641,Active Loan,462901,Yes,Yes,Yes,89,254095,26-01-2022
CUST358,Diya,Khan,16,Minor,Male,Mumbai,Maharashtra,Savings Account,Active,07-12-2018,1960533,48799,Affluent,Not Eligible,No Loan,0,No,No,No,6,23100,19-04-2026
CUST359,Vikram,Chauhan,33,Adult,Male,Navi Mumbai,Maharashtra,Savings Account,Dormant,23-12-2018,1192863,71890,Affluent,773,No Loan,0,No,Yes,Yes,42,239442,06-05-2022
CUST360,Akash,Agarwal,59,Adult,Female,Mumbai,Maharashtra,Savings Account,Inactive,17-08-2024,1367231,91517,Affluent,612,Active Loan,613309,Yes,Yes,No,121,918753,19-12-2024
CUST361,Pallavi,Naik,10,Minor,Female,Pune,Maharashtra,Current Account,Active,15-01-2023,1002829,174900,Affluent,Not Eligible,No Loan,0,No,No,Yes,6,16464,25-10-2024
CUST362,Zoya,Saxena,64,Senior Citizen,Male,Jaipur,Rajasthan,Senior Citizen Savings,Active,17-11-2025,1031174,147380,Affluent,726,Active Loan,395760,Yes,Yes,Yes,67,426254,18-05-2026
CUST363,Yash,Singh,44,Adult,Male,Jaipur,Rajasthan,Current Account,Inactive,25-09-2024,2473805,193931,Premium,786,No Loan,0,No,Yes,Yes,40,314200,05-05-2025
CUST364,Sahil,Gupta,65,Senior Citizen,Female,Jaipur,Rajasthan,Savings Account,Dormant,15-07-2025,2048498,113644,Premium,819,Active Loan,311444,Yes,Yes,Yes,50,447500,03-03-2026
CUST365,Yash,Jain,19,Adult,Female,Hyderabad,Telangana,Savings Account,Inactive,18-05-2019,982009,183800,Mass Market,823,Active Loan,673522,Yes,No,Yes,137,1215464,16-06-2023
CUST366,Vikram,Patel,28,Adult,Male,Mumbai,Maharashtra,Premium Savings,Dormant,26-11-2020,196703,101877,Mass Market,614,No Loan,0,Yes,No,Yes,104,383136,19-02-2022
CUST367,Varun,Sinha,35,Adult,Female,Pune,Maharashtra,Savings Account,Dormant,16-06-2022,842760,69224,Mass Market,730,No Loan,0,Yes,Yes,Yes,44,269500,26-07-2024
CUST368,Amit,Gandhi,21,Adult,Female,Mumbai,Maharashtra,Savings Account,Active,18-04-2024,1779853,178280,Affluent,744,Active Loan,363612,Yes,Yes,Yes,108,129060,30-11-2024
CUST369,Varun,Mishra,64,Senior Citizen,Male,Pune,Maharashtra,Savings Account,Dormant,23-01-2022,2117361,126021,Premium,819,Active Loan,455846,Yes,No,No,45,375930,03-02-2026
CUST370,Ananya,Singh,63,Senior Citizen,Female,Rajkot,Gujarat,Savings Account,Inactive,13-05-2020,2475846,167991,Premium,733,Active Loan,343747,Yes,No,No,29,153555,01-10-2021
CUST371,Aarav,Menon,63,Senior Citizen,Male,Jaipur,Rajasthan,Savings Account,Active,13-11-2024,245081,194453,Mass Market,663,Active Loan,595880,Yes,Yes,No,62,83762,13-09-2025
CUST372,Karan,Bhat,39,Adult,Male,Delhi,Delhi,Savings Account,Active,20-10-2019,2169231,114734,Premium,631,No Loan,0,No,Yes,Yes,46,171810,28-11-2023
CUST373,Rahul,Verma,49,Adult,Female,Rajkot,Gujarat,Salary Account,Dormant,19-05-2022,313751,108482,Mass Market,817,Active Loan,509119,Yes,Yes,Yes,95,915230,16-08-2023
CUST374,Nisha,Patel,57,Adult,Male,Thane,Maharashtra,Premium Savings,Active,21-12-2022,814224,158851,Mass Market,633,Active Loan,200619,Yes,No,Yes,90,342360,29-05-2026
CUST375,Rahul,Singh,51,Adult,Male,Thane,Maharashtra,Savings Account,Inactive,18-07-2022,87131,42727,Mass Market,772,No Loan,0,Yes,Yes,No,54,258876,15-11-2025
CUST376,Priya,Bansal,33,Adult,Female,Kolkata,West Bengal,Savings Account,Active,19-02-2018,821560,61866,Mass Market,608,Active Loan,589189,Yes,Yes,Yes,47,163748,05-02-2025
CUST377,Arjun,Bhat,72,Senior Citizen,Male,Noida,Uttar Pradesh,Savings Account,Active,27-02-2018,797867,91906,Mass Market,744,Active Loan,679711,No,Yes,No,6,57654,27-02-2025
CUST378,Karan,Malhotra,21,Adult,Female,Navi Mumbai,Maharashtra,Savings Account,Active,25-12-2025,1244066,61634,Affluent,693,No Loan,0,Yes,No,No,89,220275,10-08-2026
CUST379,Ayush,Sinha,10,Minor,Female,Kolkata,West Bengal,Savings Account,Inactive,20-11-2025,2284283,168301,Premium,Not Eligible,No Loan,0,No,No,Yes,2,5358,29-07-2026
CUST380,Yash,Chopra,56,Adult,Female,Nagpur,Maharashtra,Current Account,Active,09-12-2020,1269447,115081,Affluent,774,No Loan,0,Yes,Yes,Yes,41,332264,29-10-2024
CUST381,Nikhil,Nair,68,Senior Citizen,Male,Kolhapur,Maharashtra,Savings Account,Dormant,14-11-2025,1863611,8485,Affluent,544,Active Loan,578104,Yes,Yes,Yes,59,229333,01-03-2026
CUST382,Riya,Gandhi,59,Adult,Male,Jaipur,Rajasthan,Savings Account,Inactive,17-11-2018,2092589,56471,Premium,711,No Loan,0,Yes,Yes,Yes,102,966960,18-08-2019
CUST383,Pooja,Bansal,28,Adult,Female,Aurangabad,Maharashtra,Savings Account,Inactive,14-11-2021,793507,78062,Mass Market,724,No Loan,0,No,No,Yes,18,19782,06-04-2025
CUST384,Nisha,Joshi,68,Senior Citizen,Female,Mumbai,Maharashtra,Savings Account,Active,30-01-2020,200678,153455,Mass Market,708,No Loan,0,No,Yes,No,9,40734,02-09-2024
CUST385,Varun,Sharma,43,Adult,Male,Vadodara,Gujarat,Salary Account,Active,05-04-2019,1932127,189147,Affluent,601,Active Loan,287403,Yes,Yes,Yes,93,350145,01-03-2021
CUST386,Aisha,Gandhi,20,Adult,Female,Delhi,Delhi,Savings Account,Dormant,17-11-2023,1633041,82098,Affluent,719,No Loan,0,No,No,Yes,15,76380,28-08-2024
CUST387,Pooja,Shetty,44,Adult,Male,Vadodara,Gujarat,Savings Account,Active,20-01-2023,667504,9168,Mass Market,732,No Loan,0,Yes,No,Yes,40,242760,01-07-2023
CUST388,Ishita,Kapoor,67,Senior Citizen,Female,Rajkot,Gujarat,Savings Account,Inactive,10-09-2023,1917684,139397,Affluent,639,Active Loan,448717,Yes,Yes,Yes,15,143925,24-05-2026
CUST389,Meera,Mishra,61,Senior Citizen,Female,Chennai,Tamil Nadu,Current Account,Dormant,28-12-2022,861471,7609,Mass Market,664,Active Loan,128019,Yes,No,No,46,416668,29-05-2023
CUST390,Sneha,Yadav,36,Adult,Male,Nagpur,Maharashtra,Savings Account,Active,28-03-2025,1953318,31843,Affluent,802,Active Loan,280546,Yes,No,Yes,54,506520,08-06-2026
CUST391,Manish,Yadav,30,Adult,Male,Kolhapur,Maharashtra,Savings Account,Active,16-12-2018,109665,172107,Mass Market,709,No Loan,0,Yes,Yes,No,131,1086907,13-11-2024
CUST392,Kabir,Reddy,59,Adult,Male,Pune,Maharashtra,Premium Savings,Dormant,25-02-2020,1288342,62345,Affluent,815,No Loan,0,Yes,No,Yes,67,265856,08-11-2024
CUST393,Ayush,Tiwari,69,Senior Citizen,Male,Aurangabad,Maharashtra,Savings Account,Dormant,14-07-2024,1004792,99941,Affluent,825,Active Loan,155449,No,No,No,5,28965,15-03-2026
CUST394,Manish,Mehta,31,Adult,Female,Kolkata,West Bengal,Savings Account,Active,13-12-2024,2013909,112265,Premium,751,No Loan,0,Yes,No,Yes,118,627642,24-08-2025
CUST395,Karan,Kapoor,21,Adult,Female,Thane,Maharashtra,Savings Account,Dormant,25-01-2020,2245916,184159,Premium,698,Active Loan,235743,Yes,Yes,Yes,99,110880,21-02-2023
CUST396,Aditya,Jain,23,Adult,Male,Surat,Gujarat,Savings Account,Dormant,25-03-2018,50811,81065,Mass Market,632,Active Loan,366328,No,Yes,Yes,10,48410,09-07-2018
CUST397,Pallavi,Bansal,45,Adult,Male,Hyderabad,Telangana,Senior Citizen Savings,Dormant,27-05-2023,1458817,102695,Affluent,719,Active Loan,211967,Yes,Yes,Yes,51,236946,28-01-2025
CUST398,Ananya,Khan,14,Minor,Female,Noida,Uttar Pradesh,Savings Account,Active,12-05-2024,879329,5802,Mass Market,Not Eligible,No Loan,0,No,No,Yes,7,21938,12-07-2024
CUST399,Priya,Naik,21,Adult,Female,Bengaluru,Karnataka,Savings Account,Dormant,27-10-2022,2287608,156083,Premium,809,Active Loan,416974,Yes,No,Yes,64,630144,09-09-2024
CUST400,Priya,Nair,14,Minor,Male,Kolhapur,Maharashtra,Savings Account,Inactive,06-07-2025,343930,48743,Mass Market,Not Eligible,No Loan,0,No,No,No,8,78392,06-07-2026
CUST401,Pooja,Mehta,11,Minor,Female,Kolkata,West Bengal,Premium Savings,Dormant,26-02-2025,2451896,159753,Premium,Not Eligible,No Loan,0,No,No,Yes,3,11757,18-02-2026
CUST402,Karan,Menon,36,Adult,Male,Mumbai,Maharashtra,Savings Account,Dormant,26-11-2022,1111944,122028,Affluent,850,Active Loan,745550,No,No,Yes,31,283836,29-01-2024
CUST403,Yash,Mehta,56,Adult,Male,Nagpur,Maharashtra,Savings Account,Inactive,06-07-2019,233582,50342,Mass Market,806,No Loan,0,Yes,Yes,No,146,1140552,03-07-2026
CUST404,Sahil,Yadav,34,Adult,Male,Nagpur,Maharashtra,Savings Account,Inactive,17-08-2024,319449,193170,Mass Market,783,Active Loan,586654,Yes,No,Yes,126,163674,09-04-2025
CUST405,Pallavi,Kapoor,37,Adult,Female,Noida,Uttar Pradesh,Salary Account,Active,09-12-2024,755525,133154,Mass Market,705,No Loan,0,No,No,No,28,157080,18-12-2024
CUST406,Nisha,Singh,51,Adult,Female,Bengaluru,Karnataka,Savings Account,Active,04-04-2020,1552229,15077,Affluent,633,No Loan,0,Yes,Yes,Yes,135,593730,28-11-2025
CUST407,Rohan,Gandhi,52,Adult,Male,Hyderabad,Telangana,Current Account,Active,28-06-2025,1784483,44224,Affluent,843,Active Loan,523425,No,Yes,Yes,23,181631,04-12-2025
CUST408,Rohit,Pandey,69,Senior Citizen,Male,Kolhapur,Maharashtra,Savings Account,Inactive,23-12-2018,1705129,149603,Affluent,511,No Loan,0,Yes,Yes,Yes,26,231296,03-06-2021
CUST409,Aditya,Tiwari,46,Adult,Male,Pune,Maharashtra,Premium Savings,Active,17-06-2022,506983,185963,Mass Market,844,Active Loan,218128,No,Yes,Yes,24,86928,10-06-2024
CUST410,Diya,Joshi,35,Adult,Female,Pune,Maharashtra,Savings Account,Active,13-04-2024,1147956,7209,Affluent,837,No Loan,0,Yes,No,No,105,210105,21-07-2026
CUST411,Diya,Chauhan,17,Minor,Female,Surat,Gujarat,Salary Account,Inactive,19-05-2020,1594823,195220,Affluent,Not Eligible,No Loan,0,No,No,Yes,9,88884,05-03-2022
CUST412,Akash,Gupta,21,Adult,Male,Ahmedabad,Gujarat,Savings Account,Dormant,17-11-2025,572602,109724,Mass Market,757,No Loan,0,Yes,Yes,Yes,94,638636,23-11-2025
CUST413,Sneha,Joshi,29,Adult,Female,Kolkata,West Bengal,Premium Savings,Active,24-01-2019,2381651,77210,Premium,674,Active Loan,515925,No,Yes,Yes,30,38160,09-03-2025
CUST414,Ayush,Bhat,36,Adult,Male,Surat,Gujarat,Current Account,Active,25-01-2018,2005336,113021,Premium,619,Active Loan,528847,Yes,Yes,Yes,43,349160,06-04-2026
CUST415,Rahul,Malhotra,12,Minor,Male,Delhi,Delhi,Savings Account,Dormant,02-06-2022,570244,5977,Mass Market,Not Eligible,No Loan,0,No,No,No,5,6320,23-07-2022
CUST416,Zoya,Agarwal,11,Minor,Female,Surat,Gujarat,Savings Account,Inactive,14-01-2023,1694996,94654,Affluent,Not Eligible,No Loan,0,No,No,Yes,0,0,08-10-2023
CUST417,Aisha,Joshi,62,Senior Citizen,Female,Mumbai,Maharashtra,Savings Account,Inactive,28-06-2025,2082933,54235,Premium,816,Active Loan,447350,Yes,Yes,No,12,60300,05-02-2026
CUST418,Aisha,Mehta,54,Adult,Female,Hyderabad,Telangana,Savings Account,Dormant,19-05-2025,439473,30079,Mass Market,774,Active Loan,661513,Yes,No,Yes,26,37466,11-09-2025
CUST419,Priya,Sinha,43,Adult,Female,Nagpur,Maharashtra,Savings Account,Active,15-11-2025,276263,187281,Mass Market,839,No Loan,0,No,No,Yes,13,38584,26-02-2026
CUST420,Riya,Choudhary,43,Adult,Female,Delhi,Delhi,Current Account,Inactive,09-11-2022,1813677,155649,Affluent,752,Active Loan,617607,Yes,No,Yes,145,210830,17-03-2023
CUST421,Aisha,Sinha,30,Adult,Female,Thane,Maharashtra,Senior Citizen Savings,Inactive,10-03-2019,1960617,129870,Affluent,689,No Loan,0,Yes,No,Yes,111,433455,23-09-2025
CUST422,Varun,Malhotra,20,Adult,Male,Mumbai,Maharashtra,Savings Account,Dormant,05-01-2020,1768334,48525,Affluent,650,Active Loan,438489,Yes,Yes,Yes,81,697653,07-03-2024
CUST423,Sahil,Reddy,55,Adult,Male,Vadodara,Gujarat,Salary Account,Active,05-04-2022,1801723,56053,Affluent,676,No Loan,0,No,No,Yes,44,223784,22-07-2024
CUST424,Rohan,Verma,50,Adult,Male,Aurangabad,Maharashtra,Salary Account,Dormant,08-04-2023,1502891,57135,Affluent,827,Active Loan,719413,Yes,No,Yes,50,177500,27-11-2023
CUST425,Nikhil,Gupta,60,Senior Citizen,Male,Pune,Maharashtra,Senior Citizen Savings,Dormant,23-03-2020,1209816,35148,Affluent,744,Active Loan,364230,Yes,No,No,33,38742,02-03-2021
CUST426,Varun,Bhat,63,Senior Citizen,Male,Hyderabad,Telangana,Savings Account,Active,25-02-2024,97733,93470,Mass Market,834,Active Loan,241506,Yes,Yes,No,43,110467,14-07-2026
CUST427,Sahil,Agarwal,59,Adult,Male,Navi Mumbai,Maharashtra,Savings Account,Dormant,06-09-2019,1626030,139219,Affluent,653,Active Loan,467504,Yes,No,Yes,97,242015,20-05-2023
CUST428,Diya,Patel,17,Minor,Female,Jaipur,Rajasthan,Savings Account,Inactive,25-03-2023,586786,164624,Mass Market,Not Eligible,No Loan,0,No,No,No,4,3816,05-09-2025
CUST429,Meera,Shah,28,Adult,Female,Nagpur,Maharashtra,Senior Citizen Savings,Inactive,05-05-2024,1327329,9822,Affluent,750,Active Loan,433622,No,Yes,No,24,40152,25-08-2024
CUST430,Riya,Gupta,39,Adult,Female,Aurangabad,Maharashtra,Savings Account,Dormant,08-10-2021,234950,87825,Mass Market,814,No Loan,0,Yes,No,Yes,78,344058,03-12-2023
CUST431,Manish,Kulkarni,40,Adult,Male,Jaipur,Rajasthan,Senior Citizen Savings,Dormant,28-05-2020,2403877,78938,Premium,810,No Loan,0,No,Yes,Yes,10,84490,17-11-2025
CUST432,Aditya,Reddy,32,Adult,Male,Bengaluru,Karnataka,Senior Citizen Savings,Inactive,06-11-2020,852066,32151,Mass Market,684,Active Loan,627465,Yes,No,Yes,22,203698,08-04-2023
CUST433,Pallavi,Pandey,34,Adult,Female,Ahmedabad,Gujarat,Salary Account,Inactive,18-05-2018,320139,157589,Mass Market,664,No Loan,0,No,Yes,Yes,49,471821,14-04-2021
CUST434,Rohan,Rao,12,Minor,Male,Hyderabad,Telangana,Savings Account,Inactive,24-06-2024,210932,96127,Mass Market,Not Eligible,No Loan,0,No,No,Yes,1,860,08-02-2026
CUST435,Ishita,Chauhan,45,Adult,Female,Navi Mumbai,Maharashtra,Savings Account,Dormant,24-08-2023,2419353,69944,Premium,696,Active Loan,656826,No,Yes,No,8,57680,03-08-2025
CUST436,Rohan,Shetty,10,Minor,Male,Nagpur,Maharashtra,Premium Savings,Inactive,04-09-2023,998468,90399,Mass Market,Not Eligible,No Loan,0,No,No,No,5,29430,01-05-2024
CUST437,Kavya,Khan,10,Minor,Female,Navi Mumbai,Maharashtra,Savings Account,Active,21-07-2018,286885,110382,Mass Market,Not Eligible,No Loan,0,No,No,No,4,30128,26-08-2019
CUST438,Priya,Mishra,64,Senior Citizen,Female,Hyderabad,Telangana,Savings Account,Active,04-06-2018,1523890,35293,Affluent,740,Active Loan,626314,Yes,Yes,No,78,549042,04-08-2026
CUST439,Aisha,Desai,64,Senior Citizen,Male,Ahmedabad,Gujarat,Senior Citizen Savings,Dormant,30-11-2025,2003115,83632,Premium,749,Active Loan,271451,Yes,No,Yes,59,138178,27-04-2026
CUST440,Yash,Gupta,15,Minor,Male,Kolhapur,Maharashtra,Savings Account,Inactive,20-06-2019,1398337,164529,Affluent,Not Eligible,No Loan,0,No,No,No,2,18598,26-07-2024
CUST441,Tanya,Nair,37,Adult,Female,Noida,Uttar Pradesh,Savings Account,Active,05-10-2025,1583161,176931,Affluent,626,Active Loan,432147,Yes,Yes,No,130,1078090,29-10-2025
CUST442,Ananya,Desai,15,Minor,Female,Bengaluru,Karnataka,Savings Account,Dormant,27-07-2018,235170,23768,Mass Market,Not Eligible,No Loan,0,No,No,No,3,18549,29-05-2021
CUST443,Nikhil,Naik,69,Senior Citizen,Male,Nashik,Maharashtra,Savings Account,Active,05-03-2025,1196297,189276,Affluent,514,Active Loan,259037,Yes,No,No,65,405210,16-06-2025
CUST444,Ayush,Desai,54,Adult,Male,Thane,Maharashtra,Current Account,Active,27-11-2020,607416,120788,Mass Market,610,Active Loan,322631,No,Yes,No,18,155070,04-08-2021
CUST445,Rahul,Reddy,12,Minor,Male,Vadodara,Gujarat,Salary Account,Inactive,03-08-2024,209105,182569,Mass Market,Not Eligible,No Loan,0,No,No,Yes,10,54160,25-11-2025
CUST446,Neha,Chauhan,46,Adult,Female,Thane,Maharashtra,Savings Account,Active,12-11-2021,1364242,23568,Affluent,698,Active Loan,691116,Yes,No,Yes,24,222120,20-11-2021
CUST447,Aditya,Singh,64,Senior Citizen,Male,Mumbai,Maharashtra,Savings Account,Active,19-08-2024,470768,7871,Mass Market,546,Active Loan,243290,Yes,Yes,Yes,18,41832,26-08-2025
CUST448,Rakesh,Agarwal,44,Adult,Male,Navi Mumbai,Maharashtra,Savings Account,Inactive,20-01-2023,1038423,94277,Affluent,729,Active Loan,627908,Yes,No,Yes,79,324611,30-10-2025
CUST449,Arjun,Bansal,20,Adult,Male,Nashik,Maharashtra,Savings Account,Active,21-07-2023,68810,54143,Mass Market,785,Active Loan,454287,No,Yes,Yes,19,15352,04-08-2023
CUST450,Zoya,Kulkarni,54,Adult,Female,Bengaluru,Karnataka,Senior Citizen Savings,Active,03-04-2024,1658777,19050,Affluent,824,Active Loan,250062,Yes,No,Yes,114,59052,13-04-2025
CUST451,Arjun,Choudhary,64,Senior Citizen,Male,Aurangabad,Maharashtra,Savings Account,Dormant,23-01-2025,326043,143693,Mass Market,675,No Loan,0,Yes,Yes,No,58,359600,08-06-2025
CUST452,Ananya,Shetty,53,Adult,Female,Noida,Uttar Pradesh,Current Account,Dormant,27-03-2023,1552055,124721,Affluent,781,No Loan,0,No,No,Yes,15,131535,22-05-2025
CUST453,Priya,Verma,61,Senior Citizen,Female,Pune,Maharashtra,Savings Account,Active,28-09-2020,1544702,96172,Affluent,678,No Loan,0,Yes,Yes,No,53,87715,24-10-2021
CUST454,Pallavi,Joshi,44,Adult,Female,Nashik,Maharashtra,Salary Account,Active,21-11-2021,1401664,166285,Affluent,663,No Loan,0,Yes,Yes,Yes,128,701824,10-01-2024
CUST455,Pooja,Agarwal,42,Adult,Female,Kolkata,West Bengal,Salary Account,Dormant,30-07-2018,1030473,73109,Affluent,775,No Loan,0,Yes,No,Yes,48,202656,08-11-2019
CUST456,Yash,Choudhary,36,Adult,Male,Jaipur,Rajasthan,Savings Account,Inactive,23-01-2019,1343953,63742,Affluent,827,No Loan,0,Yes,No,Yes,59,108737,17-05-2021
CUST457,Rohan,Shetty,42,Adult,Male,Noida,Uttar Pradesh,Premium Savings,Dormant,03-05-2023,750459,77723,Mass Market,841,No Loan,0,Yes,No,Yes,104,505752,03-06-2023
CUST458,Priya,Shetty,45,Adult,Female,Nagpur,Maharashtra,Savings Account,Active,01-06-2025,846950,55093,Mass Market,624,Active Loan,591718,Yes,Yes,Yes,22,184206,14-04-2026
CUST459,Sneha,Desai,53,Adult,Female,Nashik,Maharashtra,Savings Account,Dormant,19-05-2019,2164652,83121,Premium,630,Active Loan,157179,No,Yes,No,28,202972,23-01-2024
CUST460,Pallavi,Mishra,45,Adult,Female,Bengaluru,Karnataka,Premium Savings,Dormant,26-03-2021,403645,117139,Mass Market,790,No Loan,0,No,No,Yes,42,110502,11-09-2023
CUST461,Kavya,Saxena,24,Adult,Female,Chennai,Tamil Nadu,Savings Account,Inactive,12-12-2020,2098844,127484,Premium,665,No Loan,0,Yes,Yes,Yes,111,1100010,27-09-2021
CUST462,Neha,Patel,64,Senior Citizen,Female,Kolhapur,Maharashtra,Savings Account,Inactive,15-09-2018,962891,42088,Mass Market,604,Active Loan,634913,Yes,Yes,Yes,26,97890,14-10-2022
CUST463,Manish,Shetty,48,Adult,Male,Kolhapur,Maharashtra,Savings Account,Active,05-07-2020,1082224,138150,Affluent,662,Active Loan,408444,Yes,Yes,No,60,101340,21-03-2024
CUST464,Kavya,Pillai,21,Adult,Female,Mumbai,Maharashtra,Premium Savings,Inactive,07-05-2023,1725374,44561,Affluent,842,Active Loan,544262,Yes,Yes,Yes,40,366200,13-09-2025
CUST465,Kabir,Gandhi,22,Adult,Male,Mumbai,Maharashtra,Premium Savings,Inactive,29-06-2022,990798,63495,Mass Market,649,No Loan,0,Yes,No,Yes,137,998319,25-03-2024
CUST466,Meera,Mishra,29,Adult,Female,Nashik,Maharashtra,Savings Account,Dormant,28-08-2023,2475640,56260,Premium,792,Active Loan,241234,Yes,Yes,Yes,52,414388,03-11-2023
CUST467,Sneha,Jain,35,Adult,Female,Surat,Gujarat,Salary Account,Active,14-07-2020,212403,94014,Mass Market,848,Active Loan,486887,Yes,No,No,48,158832,20-10-2021
CUST468,Akash,Joshi,34,Adult,Male,Nashik,Maharashtra,Savings Account,Inactive,19-06-2018,1997930,46482,Affluent,669,Active Loan,137946,Yes,Yes,Yes,88,475024,10-03-2024
CUST469,Neha,Mehta,42,Adult,Female,Noida,Uttar Pradesh,Senior Citizen Savings,Dormant,26-03-2025,559030,193714,Mass Market,685,Active Loan,297168,Yes,Yes,Yes,101,558833,19-08-2025
CUST470,Simran,Patel,35,Adult,Female,Surat,Gujarat,Savings Account,Dormant,17-10-2024,644711,180415,Mass Market,601,No Loan,0,Yes,No,Yes,106,866656,19-03-2026
CUST471,Ishita,Naik,45,Adult,Female,Kolhapur,Maharashtra,Savings Account,Active,03-07-2020,1406205,126857,Affluent,824,Active Loan,214521,Yes,No,No,58,113448,11-11-2021
CUST472,Ayush,Mehta,25,Adult,Male,Surat,Gujarat,Savings Account,Inactive,14-02-2023,2124438,42400,Premium,805,Active Loan,519765,Yes,Yes,Yes,65,166335,13-03-2023
CUST473,Aarav,Pandey,75,Senior Citizen,Male,Kolhapur,Maharashtra,Savings Account,Active,18-11-2023,7557,75184,Mass Market,844,No Loan,0,Yes,Yes,Yes,30,220350,17-08-2024
CUST474,Pooja,Tiwari,34,Adult,Female,Kolkata,West Bengal,Savings Account,Active,02-07-2019,384178,40285,Mass Market,662,No Loan,0,Yes,No,No,51,113985,25-04-2020
CUST475,Simran,Joshi,19,Adult,Female,Rajkot,Gujarat,Savings Account,Dormant,01-09-2023,1010098,96639,Affluent,710,Active Loan,464148,Yes,Yes,Yes,115,678730,05-09-2025
CUST476,Rahul,Chopra,36,Adult,Male,Jaipur,Rajasthan,Senior Citizen Savings,Active,09-06-2025,1952667,53836,Affluent,744,Active Loan,166845,No,No,Yes,24,47664,20-03-2026
CUST477,Rahul,Mehta,29,Adult,Male,Bengaluru,Karnataka,Senior Citizen Savings,Inactive,20-02-2019,841038,141266,Mass Market,633,Active Loan,573238,Yes,Yes,Yes,103,715026,22-07-2022
CUST478,Ayush,Rao,12,Minor,Male,Jaipur,Rajasthan,Savings Account,Dormant,23-05-2025,310680,48372,Mass Market,Not Eligible,No Loan,0,No,No,Yes,5,4990,02-01-2026
CUST479,Rahul,Naik,25,Adult,Male,Nashik,Maharashtra,Current Account,Inactive,25-07-2018,2225264,160593,Premium,770,No Loan,0,Yes,Yes,Yes,129,602430,16-02-2026
CUST480,Ayush,Choudhary,74,Senior Citizen,Male,Nashik,Maharashtra,Savings Account,Active,08-03-2018,310636,49363,Mass Market,542,Active Loan,657675,Yes,Yes,Yes,65,436150,02-02-2024
CUST481,Karan,Bhat,63,Senior Citizen,Male,Ahmedabad,Gujarat,Savings Account,Dormant,23-06-2024,492708,148487,Mass Market,527,Active Loan,213927,Yes,Yes,No,67,631274,04-03-2026
CUST482,Priya,Shah,48,Adult,Female,Chennai,Tamil Nadu,Savings Account,Inactive,28-08-2021,1462796,44241,Affluent,817,Active Loan,782042,Yes,Yes,No,22,163416,10-03-2024
CUST483,Zoya,Yadav,30,Adult,Female,Nashik,Maharashtra,Current Account,Inactive,09-07-2025,1338233,17119,Affluent,752,Active Loan,430128,Yes,No,No,20,29640,01-11-2025
CUST484,Neha,Singh,42,Adult,Female,Nagpur,Maharashtra,Savings Account,Inactive,31-10-2019,782856,100780,Mass Market,623,No Loan,0,Yes,Yes,Yes,36,64332,30-10-2020
CUST485,Rohan,Iyer,32,Adult,Male,Vadodara,Gujarat,Savings Account,Dormant,27-08-2021,826181,189248,Mass Market,757,No Loan,0,Yes,No,Yes,94,367728,21-01-2022
CUST486,Amit,Verma,68,Senior Citizen,Male,Delhi,Delhi,Current Account,Inactive,12-09-2021,1283000,39355,Affluent,766,No Loan,0,No,No,No,27,26217,18-08-2024
CUST487,Meera,Jain,54,Adult,Female,Mumbai,Maharashtra,Savings Account,Dormant,21-01-2022,2235658,197271,Premium,789,Active Loan,542732,No,Yes,Yes,41,337184,09-12-2023
CUST488,Zoya,Naik,24,Adult,Female,Navi Mumbai,Maharashtra,Savings Account,Active,03-03-2023,226680,172507,Mass Market,647,Active Loan,282317,Yes,Yes,Yes,104,398840,06-06-2024
CUST489,Neha,Reddy,59,Adult,Female,Rajkot,Gujarat,Premium Savings,Active,07-03-2023,1712450,64035,Affluent,785,Active Loan,571884,No,Yes,Yes,19,76076,08-04-2023
CUST490,Sneha,Singh,51,Adult,Female,Nagpur,Maharashtra,Savings Account,Inactive,13-03-2025,1966590,153792,Affluent,783,No Loan,0,No,Yes,Yes,46,261280,02-11-2025
CUST491,Karan,Choudhary,16,Minor,Male,Aurangabad,Maharashtra,Savings Account,Inactive,15-10-2019,1417205,130287,Affluent,Not Eligible,No Loan,0,No,No,Yes,0,0,31-10-2024
CUST492,Rahul,Tiwari,26,Adult,Male,Nagpur,Maharashtra,Savings Account,Active,09-07-2022,2396179,111078,Premium,673,No Loan,0,Yes,Yes,Yes,136,1255960,21-04-2023
CUST493,Priya,Saxena,27,Adult,Female,Vadodara,Gujarat,Savings Account,Inactive,12-03-2021,251227,191727,Mass Market,642,No Loan,0,Yes,Yes,Yes,55,287045,15-03-2024
CUST494,Manish,Gandhi,28,Adult,Male,Gurugram,Haryana,Premium Savings,Active,21-12-2023,872553,10010,Mass Market,604,No Loan,0,Yes,No,Yes,139,1213748,21-05-2025
CUST495,Aditya,Menon,70,Senior Citizen,Male,Bengaluru,Karnataka,Savings Account,Inactive,12-11-2021,431279,30060,Mass Market,602,No Loan,0,Yes,Yes,Yes,65,361335,22-05-2025
CUST496,Manish,Menon,10,Minor,Male,Kolkata,West Bengal,Salary Account,Inactive,01-10-2023,730760,115129,Mass Market,Not Eligible,No Loan,0,No,No,Yes,10,80230,04-05-2025
CUST497,Nisha,Desai,26,Adult,Female,Aurangabad,Maharashtra,Savings Account,Inactive,16-12-2024,2291801,187186,Premium,637,No Loan,0,No,Yes,Yes,29,98107,03-06-2026
CUST498,Kavya,Pandey,64,Senior Citizen,Female,Surat,Gujarat,Salary Account,Inactive,10-03-2023,2021358,189570,Premium,849,No Loan,0,Yes,Yes,No,58,254968,19-06-2026
CUST499,Kavya,Sinha,13,Minor,Female,Jaipur,Rajasthan,Salary Account,Dormant,28-04-2025,2279361,170865,Premium,Not Eligible,No Loan,0,No,No,Yes,6,9408,29-05-2026
CUST500,Simran,Pandey,56,Adult,Female,Delhi,Delhi,Savings Account,Inactive,25-09-2023,138621,77171,Mass Market,634,No Loan,0,Yes,Yes,Yes,32,201792,03-11-2023
